USE chunking_english;

SET FOREIGN_KEY_CHECKS = 0;
TRUNCATE TABLE expressions;
TRUNCATE TABLE verbs;
TRUNCATE TABLE days;
SET FOREIGN_KEY_CHECKS = 1;

-- ① days
INSERT INTO days (id, day_number, release_date, is_active) VALUES
(1, 1, DATE_ADD('2026-01-01', INTERVAL 0 DAY), 1),
(2, 2, DATE_ADD('2026-01-01', INTERVAL 1 DAY), 1),
(3, 3, DATE_ADD('2026-01-01', INTERVAL 2 DAY), 1),
(4, 4, DATE_ADD('2026-01-01', INTERVAL 3 DAY), 1),
(5, 5, DATE_ADD('2026-01-01', INTERVAL 4 DAY), 1),
(6, 6, DATE_ADD('2026-01-01', INTERVAL 5 DAY), 1),
(7, 7, DATE_ADD('2026-01-01', INTERVAL 6 DAY), 1),
(8, 8, DATE_ADD('2026-01-01', INTERVAL 7 DAY), 1),
(9, 9, DATE_ADD('2026-01-01', INTERVAL 8 DAY), 1),
(10, 10, DATE_ADD('2026-01-01', INTERVAL 9 DAY), 1),
(11, 11, DATE_ADD('2026-01-01', INTERVAL 10 DAY), 1),
(12, 12, DATE_ADD('2026-01-01', INTERVAL 11 DAY), 1),
(13, 13, DATE_ADD('2026-01-01', INTERVAL 12 DAY), 1),
(14, 14, DATE_ADD('2026-01-01', INTERVAL 13 DAY), 1),
(15, 15, DATE_ADD('2026-01-01', INTERVAL 14 DAY), 1),
(16, 16, DATE_ADD('2026-01-01', INTERVAL 15 DAY), 1),
(17, 17, DATE_ADD('2026-01-01', INTERVAL 16 DAY), 1),
(18, 18, DATE_ADD('2026-01-01', INTERVAL 17 DAY), 1),
(19, 19, DATE_ADD('2026-01-01', INTERVAL 18 DAY), 1),
(20, 20, DATE_ADD('2026-01-01', INTERVAL 19 DAY), 1),
(21, 21, DATE_ADD('2026-01-01', INTERVAL 20 DAY), 1),
(22, 22, DATE_ADD('2026-01-01', INTERVAL 21 DAY), 1),
(23, 23, DATE_ADD('2026-01-01', INTERVAL 22 DAY), 1),
(24, 24, DATE_ADD('2026-01-01', INTERVAL 23 DAY), 1),
(25, 25, DATE_ADD('2026-01-01', INTERVAL 24 DAY), 1),
(26, 26, DATE_ADD('2026-01-01', INTERVAL 25 DAY), 1),
(27, 27, DATE_ADD('2026-01-01', INTERVAL 26 DAY), 1),
(28, 28, DATE_ADD('2026-01-01', INTERVAL 27 DAY), 1),
(29, 29, DATE_ADD('2026-01-01', INTERVAL 28 DAY), 1),
(30, 30, DATE_ADD('2026-01-01', INTERVAL 29 DAY), 1),
(31, 31, DATE_ADD('2026-01-01', INTERVAL 30 DAY), 1),
(32, 32, DATE_ADD('2026-01-01', INTERVAL 31 DAY), 1),
(33, 33, DATE_ADD('2026-01-01', INTERVAL 32 DAY), 1),
(34, 34, DATE_ADD('2026-01-01', INTERVAL 33 DAY), 1),
(35, 35, DATE_ADD('2026-01-01', INTERVAL 34 DAY), 1),
(36, 36, DATE_ADD('2026-01-01', INTERVAL 35 DAY), 1),
(37, 37, DATE_ADD('2026-01-01', INTERVAL 36 DAY), 1),
(38, 38, DATE_ADD('2026-01-01', INTERVAL 37 DAY), 1),
(39, 39, DATE_ADD('2026-01-01', INTERVAL 38 DAY), 1),
(40, 40, DATE_ADD('2026-01-01', INTERVAL 39 DAY), 1),
(41, 41, DATE_ADD('2026-01-01', INTERVAL 40 DAY), 1),
(42, 42, DATE_ADD('2026-01-01', INTERVAL 41 DAY), 1),
(43, 43, DATE_ADD('2026-01-01', INTERVAL 42 DAY), 1),
(44, 44, DATE_ADD('2026-01-01', INTERVAL 43 DAY), 1),
(45, 45, DATE_ADD('2026-01-01', INTERVAL 44 DAY), 1),
(46, 46, DATE_ADD('2026-01-01', INTERVAL 45 DAY), 1),
(47, 47, DATE_ADD('2026-01-01', INTERVAL 46 DAY), 1),
(48, 48, DATE_ADD('2026-01-01', INTERVAL 47 DAY), 1),
(49, 49, DATE_ADD('2026-01-01', INTERVAL 48 DAY), 1),
(50, 50, DATE_ADD('2026-01-01', INTERVAL 49 DAY), 1);

-- ② verbs
INSERT INTO verbs (id, day_id, order_num, global_num, verb_en, verb_kr, sentence_en, sentence_kr) VALUES
(1, 1, 1, 1, 'have', '가지다', 'I have a dream.', '나는 가지다 꿈을'),
(2, 1, 2, 2, 'change', '바꾸다', 'I change my life.', '나는 바꾸다 나의 생활을'),
(3, 1, 3, 3, 'start', '시작하다', 'I start my English trip.', '나는 시작하다 나의 영어 여행을'),
(4, 2, 1, 4, 'learn', '배우다', 'I learn English.', '나는 배우다 영어를'),
(5, 2, 2, 5, 'understand', '이해하다', 'I understand the problem.', '나는 이해하다 문제를'),
(6, 2, 3, 6, 'practice', '연습하다', 'I practice speaking.', '나는 연습하다 말하기를'),
(7, 3, 1, 7, 'tell', '말하다', 'I tell a secret.', '나는 말하다 비밀을'),
(8, 3, 2, 8, 'write', '쓰다', 'I write the chunking list.', '나는 쓰다 청킹목록을'),
(9, 3, 3, 9, 'read', '읽다', 'I read aloud.', '나는 읽다 큰소리로'),
(10, 4, 1, 10, 'repeat', '반복하다', 'I repeat chunking.', '나는 반복하다 청킹을'),
(11, 4, 2, 11, 'use', '사용하다', 'I use easy words.', '나는 사용하다 쉬운 단어를'),
(12, 4, 3, 12, 'think in', '생각하다', 'I think in English.', '나는 생각하다 영어로'),
(13, 5, 1, 13, 'train', '훈련하다', 'I train chunking.', '나는 훈련하다 청킹을'),
(14, 5, 2, 14, 'plant', '심다', 'I plant my English tree.', '나는 심다 나의 영어나무를'),
(15, 5, 3, 15, 'keep', '유지하다', 'I keep active.', '나는 유지하다 적극적인'),
(16, 6, 1, 16, 'spend', '보내다', 'I spend the time.', '나는 보내다 시간을'),
(17, 6, 2, 17, 'watch', '지켜보다', 'I watch English cartoons.', '나는 지켜보다 영어 만화를'),
(18, 6, 3, 18, 'catch', '알아듣다', 'I catch new words.', '나는 알아듣다 새로운 단어를'),
(19, 7, 1, 19, 'think of', '생각하다', 'I think of my future.', '나는 생각하다 나의 미래를'),
(20, 7, 2, 20, 'plan', '계획하다', 'I plan my day.', '나는 계획하다 나의 하루를'),
(21, 7, 3, 21, 'read', '읽다', 'I read English books.', '나는 읽다 영어 책을'),
(22, 8, 1, 22, 'face', '직면하다', 'I face the challenge.', '나는 직면하다 도전을'),
(23, 8, 2, 23, 'write', '쓰다', 'I write the diary.', '나는 쓰다 일기를'),
(24, 8, 3, 24, 'keep up', '유지하다', 'I keep up the good work.', '나는 유지하다 잘한 일을'),
(25, 9, 1, 25, 'improve', '향상시키다', 'I improve my English.', '나는 향상시키다 나의 영어를'),
(26, 9, 2, 26, 'visit', '방문하다', 'I visit the foreign country.', '나는 방문하다 외국을'),
(27, 9, 3, 27, 'build up', '더 강화하다', 'I build up my confidence.', '나는 더 강화하다 나의 자신감을'),
(28, 10, 1, 28, 'pass', '통과하다', 'I pass my English test.', '나는 통과하다 나의 영어시험을'),
(29, 10, 2, 29, 'achieve', '성취하다', 'I achieve my goal.', '나는 성취하다 나의 목표를'),
(30, 10, 3, 30, 'be', '이다', 'I am proud of myself.', '나는 이다 자랑스러운 나 자신을'),
(31, 11, 1, 31, 'turn off', '끄다', 'I turn off the alarm.', '나는 끄다 알람을'),
(32, 11, 2, 32, 'wake up', '깨다', 'I wake up early.', '나는 깨다 일찍'),
(33, 11, 3, 33, 'open', '뜨다, 펼치다', 'I open my eyes.', '나는 뜨다 나의 눈을'),
(34, 12, 1, 34, 'look around', '둘러보다', 'I look around my room.', '나는 둘러보다 나의 방을'),
(35, 12, 2, 35, 'yawn', '하품하다', 'I yawn widely.', '나는 하품하다 크게'),
(36, 12, 3, 36, 'make', '마련하다, 정리하다', 'I make my bed.', '나는 정리하다 나의 잠자리를'),
(37, 13, 1, 37, 'greet', '환영하다, 인사하다', 'I greet the morning.', '나는 환영하다 아침을'),
(38, 13, 2, 38, 'feel', '느끼다', 'I feel very happy.', '나는 느끼다 매우 행복한'),
(39, 13, 3, 39, 'say', '말하다', 'I say "Good morning."', '나는 말하다 아침인사를'),
(40, 14, 1, 40, 'sit on', '앉다', 'I sit on the floor.', '나는 앉다 마루에'),
(41, 14, 2, 41, 'stay', '계속 있다', 'I stay calm.', '나는 계속 있다 침착한'),
(42, 14, 3, 42, 'do', '하다', 'I do exercise.', '나는 하다 운동을'),
(43, 15, 1, 43, 'act', '행동하다', 'I act calmly.', '나는 행동하다 조용하게'),
(44, 15, 2, 44, 'walk to', '걸어가다', 'I walk to the bathroom.', '나는 걸어가다 욕실로'),
(45, 15, 3, 45, 'turn on', '틀다, 켜다', 'I turn on the water.', '나는 틀다 물을'),
(46, 16, 1, 46, 'rub', '문지르다, 비비다', 'I rub my hands.', '나는 문지르다 나의 손을'),
(47, 16, 2, 47, 'wash', '씻다', 'I wash my face.', '나는 씻다 나의 얼굴을'),
(48, 16, 3, 48, 'have', '하다', 'I have a shanpoo.', '나는 하다 샴푸를'),
(49, 17, 1, 49, 'grab', '붙잡다', 'I grab my toothbrush.', '나는 붙잡다 나의 칫솔을'),
(50, 17, 2, 50, 'squeeze', '짜다', 'I squeeze the toothpaste.', '나는 짜다 치약을'),
(51, 17, 3, 51, 'brush', '솔질하다', 'I brush my teeth.', '나는 솔질하다 나의 치아를'),
(52, 18, 1, 52, 'rinse', '헹구다', 'I rinse my mouth.', '나는 헹구다 나의 입을'),
(53, 18, 2, 53, 'spit out', '뱉다', 'I spit out the water.', '나는 뱉다 물을'),
(54, 18, 3, 54, 'clean', '청소하다, 닦다', 'I clean the sink.', '나는 청소하다 싱크대를'),
(55, 19, 1, 55, 'turn off', '잠그다, 끄다', 'I turn off the water.', '나는 잠그다 물을'),
(56, 19, 2, 56, 'be', '이다', 'I am peaceful.', '나는 이다 평온한'),
(57, 19, 3, 57, 'have', '먹다', 'I have breakfast.', '나는 먹다 아침을'),
(58, 20, 1, 58, 'pour', '따르다', 'I pour the milk.', '나는 따르다 우유를'),
(59, 20, 2, 59, 'warm', '따뜻하게하다', 'I warm the milk.', '나는 따뜻하게하다 우유를'),
(60, 20, 3, 60, 'eat', '먹다', 'I eat the cereal.', '나는 먹다 시리얼을'),
(61, 21, 1, 61, 'check', '확인하다', 'I check my phone.', '나는 확인하다 나의 전화기를'),
(62, 21, 2, 62, 'browse', '둘러보다', 'I browse social media.', '나는 둘러보다 소셜미디어를'),
(63, 21, 3, 63, 'send', '보내다', 'I send the message.', '나는 보내다 메시지를'),
(64, 22, 1, 64, 'face', '마주보다', 'I face the mirror.', '나는 마주보다 거울을'),
(65, 22, 2, 65, 'choose', '선택하다', 'I choose the green shirt.', '나는 선택하다 녹색 셔츠를'),
(66, 22, 3, 66, 'smile', '웃다', 'I smile brightly.', '나는 웃다 밝게'),
(67, 23, 1, 67, 'button up', '단추로 잠그다', 'I button up my shirt.', '나는 단추로 잠그다 나의 셔츠를'),
(68, 23, 2, 68, 'wear', '입다', 'I wear my pants.', '나는 입다 나의 바지를'),
(69, 23, 3, 69, 'get', '되다', 'I get dressed.', '나는 되다 옷을 입는'),
(70, 24, 1, 70, 'care for', '신경쓰다, 돌보다', 'I care for my hair.', '나는 신경쓰다 나의 머리를'),
(71, 24, 2, 71, 'tie', '묶다', 'I tie my hair.', '나는 묶다 나의 머리를'),
(72, 24, 3, 72, 'pack', '짐을 싸다', 'I pack my bag.', '나는 짐을 싸다 나의 가방에'),
(73, 25, 1, 73, 'protect', '보호하다', 'I protect my eyes.', '나는 보호하다 나의 눈을'),
(74, 25, 2, 74, 'block', '막다', 'I block the sun.', '나는 막다 햇빛을'),
(75, 25, 3, 75, 'leave', '떠나다', 'I leave the house.', '나는 떠나다 집을'),
(76, 26, 1, 76, 'look at', '보다', 'I look at the sky.', '나는 보다 하늘을'),
(77, 26, 2, 77, 'be', '이다', 'I am happy.', '나는 이다 행복한'),
(78, 26, 3, 78, 'like', '좋아하다', 'I like the sky.', '나는 좋아하다 하늘을'),
(79, 27, 1, 79, 'pass', '지나가다', 'I pass the park.', '나는 지나가다 공원을'),
(80, 27, 2, 80, 'climb', '오르다', 'I climb the hill.', '나는 오르다 언덕을'),
(81, 27, 3, 81, 'take', '하다 (동작을)', 'I take a deep breath.', '나는 하다 깊은 숨을'),
(82, 28, 1, 82, 'obey', '지키다, 따르다', 'I obey the rule.', '나는 지키다 규칙을'),
(83, 28, 2, 83, 'cross', '건너다', 'I cross the street.', '나는 건너다 도로를'),
(84, 28, 3, 84, 'use', '이용하다', 'I use the stairs.', '나는 이용하다 계단을'),
(85, 29, 1, 85, 'see', '보다', 'I see the park.', '나는 보다 공원을'),
(86, 29, 2, 86, 'listen to', '귀기울여 듣다', 'I listen to the wind.', '나는 귀기울여 듣다 바람소리를'),
(87, 29, 3, 87, 'imagine', '상상하다', 'I imagine my future.', '나는 상상하다 나의 미래를'),
(88, 30, 1, 88, 'arrive at', '도착하다', 'I arrive at school.', '나는 도착하다 학교에'),
(89, 30, 2, 89, 'come to', '오다', 'I come to class.', '나는 오다 수업에'),
(90, 30, 3, 90, 'bow to', '인사하다', 'I bow to the teacher.', '나는 인사하다 선생님에게'),
(91, 31, 1, 91, 'place', '놓다', 'I place my bag.', '나는 놓다 나의 가방을'),
(92, 31, 2, 92, 'pick', '고르다', 'I pick the book.', '나는 고르다 책을'),
(93, 31, 3, 93, 'read', '읽다', 'I read the story.', '나는 읽다 이야기를'),
(94, 32, 1, 94, 'pay', '하다', 'I pay attention.', '나는 하다 주의를'),
(95, 32, 2, 95, 'study', '연구하다', 'I study the case.', '나는 연구하다 사례를'),
(96, 32, 3, 96, 'understand', '이해하다', 'I understand the context.', '나는 이해하다 문맥을'),
(97, 33, 1, 97, 'make', '만들다', 'I make a sentence.', '나는 만들다 문장을'),
(98, 33, 2, 98, 'correct', '바로잡다', 'I correct my mistake.', '나는 바로잡다 나의 실수를'),
(99, 33, 3, 99, 'look for', '찾다', 'I look for the answer.', '나는 찾다 정답을'),
(100, 34, 1, 100, 'speak', '말하다', 'I speak English.', '나는 말하다 영어를'),
(101, 34, 2, 101, 'say', '말하다', 'I say the word.', '나는 말하다 단어를'),
(102, 34, 3, 102, 'read', '읽다', 'I read the sentence.', '나는 읽다 문장을'),
(103, 35, 1, 103, 'circle', '동그라미를 치다', 'I circle the correct answer.', '나는 동그라미를 치다 올바른 답을'),
(104, 35, 2, 104, 'look', '~처럼 보이다', 'I look so excited.', '나는 보이다 매우 신나는'),
(105, 35, 3, 105, 'repeat', '반복하다', 'I repeat the expression.', '나는 반복하다 표현을'),
(106, 36, 1, 106, 'introduce', '소개하다', 'I introduce myself.', '나는 소개하다 나 자신을'),
(107, 36, 2, 107, 'come to', '오다', 'I come to the front.', '나는 오다 앞으로'),
(108, 36, 3, 108, 'breathe', '숨쉬다', 'I breathe deeply.', '나는 숨쉬다 깊게'),
(109, 37, 1, 109, 'grab', '붙잡다', 'I grab the chance.', '나는 붙잡다 기회를'),
(110, 37, 2, 110, 'talk about', '말하다 ~에 대해', 'I talk about my hobby.', '나는 말하다 나의 취미에 대해'),
(111, 37, 3, 111, 'make', '하다 (동작을)', 'I make a presentation.', '나는 하다 프리젠테이션을'),
(112, 38, 1, 112, 'organize', '정리하다, 조직하다', 'I organize my thoughts.', '나는 정리하다 나의 생각을'),
(113, 38, 2, 113, 'list', '목록을 작성하다', 'I list the points.', '나는 목록을 작성하다 요점의'),
(114, 38, 3, 114, 'use', '사용하다', 'I use the example.', '나는 사용하다 예를'),
(115, 39, 1, 115, 'provide', '제공하다', 'I provide the information.', '나는 제공하다 정보를'),
(116, 39, 2, 116, 'share', '공유하다', 'I share my idea.', '나는 공유하다 나의 아이디어를'),
(117, 39, 3, 117, 'explain', '설명하다', 'I explain the reasons.', '나는 설명하다 이유를'),
(118, 40, 1, 118, 'open', '시작하다', 'I open the debate.', '나는 시작하다 토론을'),
(119, 40, 2, 119, 'be', '이다', 'I am reasonable.', '나는 이다 합리적인'),
(120, 40, 3, 120, 'lead', '이끌다', 'I lead the discussion.', '나는 이끌다 토론을'),
(121, 41, 1, 121, 'discuss', '논의하다', 'I discuss the topic.', '나는 논의하다 화제를'),
(122, 41, 2, 122, 'mention', '언급하다', 'I mention the issue.', '나는 언급하다 이슈를'),
(123, 41, 3, 123, 'exchange', '교환하다', 'I exchange the information.', '나는 교환하다 정보를'),
(124, 42, 1, 124, 'join', '참가하다', 'I join the debate.', '나는 참가하다 토론을'),
(125, 42, 2, 125, 'support', '지지하다, 지원하다', 'I support the idea.', '나는 지지하다 아이디어를'),
(126, 42, 3, 126, 'argue about', '다투다', 'I argue about the issue.', '나는 다투다 이슈에 대해'),
(127, 43, 1, 127, 'think about', '생각하다 ~에 대해', 'I think about the issue.', '나는 생각하다 이슈에 대해'),
(128, 43, 2, 128, 'raise', '들다, 올리다', 'I raise my hand.', '나는 들다 나의 손을'),
(129, 43, 3, 129, 'ask', '물어보다', 'I ask the question.', '나는 물어보다 질문을'),
(130, 44, 1, 130, 'speak to', '말하다 ~에게', 'I speak to the group.', '나는 말하다 그룹에게'),
(131, 44, 2, 131, 'appreciate', '고마워하다', 'I appreciate the help.', '나는 고마워하다 도움을'),
(132, 44, 3, 132, 'expect', '기대하다', 'I expect the feedback.', '나는 기대하다 피드백을'),
(133, 45, 1, 133, 'take', '받다, 받아들이다', 'I take advice.', '나는 받다 조언을'),
(134, 45, 2, 134, 'jot down', '간단히 적다', 'I jot down the idea.', '나는 간단히  적다 아이디어를'),
(135, 45, 3, 135, 'reply to', '대답하다, 답장하다', 'I reply to the question.', '나는 대답하다 질문을'),
(136, 46, 1, 136, 'thank for', '감사하다', 'I thank for the advice.', '나는 감사하다 조언에'),
(137, 46, 2, 137, 'make', '만들다', 'I make a chart.', '나는 만들다 도표를'),
(138, 46, 3, 138, 'measure', '측정하다', 'I measure the degree.', '나는 측정하다 정도를'),
(139, 47, 1, 139, 'have', '열다', 'I have a competition.', '나는 열다 대회를'),
(140, 47, 2, 140, 'be', '이다', 'I am ready.', '나는 이다 준비가된'),
(141, 47, 3, 141, 'fix', '정하다, 고정하다', 'I fix the topic.', '나는 정하다 주제를'),
(142, 48, 1, 142, 'cheer for', '응원하다', 'I cheer for the speaker.', '나는 응원하다 발표자를'),
(143, 48, 2, 143, 'give', '주다', 'I give a big hand.', '나는 주다 큰 박수를'),
(144, 48, 3, 144, 'applaud', '칭찬하다', 'I applaud the effort.', '나는 칭찬하다 노력을'),
(145, 49, 1, 145, 'carry out', '수행하다', 'I carry out the mission.', '나는 수행하다 임무를'),
(146, 49, 2, 146, 'choose', '선택하다', 'I choose the best.', '나는 선택하다 최고를'),
(147, 49, 3, 147, 'announce', '발표하다', 'I announce the winner.', '나는 발표하다 승자를'),
(148, 50, 1, 148, 'study', '공부하다', 'I study math.', '나는 공부하다 수학을'),
(149, 50, 2, 149, 'need', '필요하다', 'I need help.', '나는 필요하다 도움을'),
(150, 50, 3, 150, 'ask', '물어보다', 'I ask the teacher.', '나는 물어보다 선생님에게');

-- ③ expressions
INSERT INTO expressions (id, verb_id, order_num, expression_en, expression_kr, image_path) VALUES
(1, 1, 1, 'have a dream', '가지다 꿈을', 'asset/img/day 1/01. have/have_a_dream.png'),
(2, 1, 2, 'have a chance', '가지다 기회를', 'asset/img/day 1/01. have/have_a_chance.png'),
(3, 1, 3, 'have a feeling', '가지다 감정을', 'asset/img/day 1/01. have/have_a_feeling.png'),
(4, 1, 4, 'have a goal', '가지다 목표를', 'asset/img/day 1/01. have/have_a_goal.png'),
(5, 1, 5, 'have a hope', '가지다 희망을', 'asset/img/day 1/01. have/have_a_hope.png'),
(6, 1, 6, 'have an idea', '가지다 아이디어를', 'asset/img/day 1/01. have/have_an_idea.png'),
(7, 1, 7, 'have a wish', '가지다 소망을', 'asset/img/day 1/01. have/have_a_wish.png'),
(8, 2, 1, 'change the life', '바꾸다 생활을', 'asset/img/day 1/02. change/change_the_life.png'),
(9, 2, 2, 'change the future', '바꾸다 미래를', 'asset/img/day 1/02. change/change_the_future.png'),
(10, 2, 3, 'change the mind', '바꾸다 마음을', 'asset/img/day 1/02. change/change_the_mind.png'),
(11, 2, 4, 'change the plan', '바꾸다 계획을', 'asset/img/day 1/02. change/change_the_plan.png'),
(12, 2, 5, 'change the date', '바꾸다 날자를', 'asset/img/day 1/02. change/change_the_date.png'),
(13, 2, 6, 'change the place', '바꾸다 장소를', 'asset/img/day 1/02. change/change_the_place.png'),
(14, 2, 7, 'change the time', '바꾸다 시간을', 'asset/img/day 1/02. change/change_the_time.png'),
(15, 3, 1, 'start the trip', '시작하다 여행을', 'asset/img/day 1/03. start/start_the_trip.png'),
(16, 3, 2, 'start the journey', '시작하다 여행을', 'asset/img/day 1/03. start/start_the_journey.png'),
(17, 3, 3, 'start the class', '시작하다 수업을', 'asset/img/day 1/03. start/start_the_class.png'),
(18, 3, 4, 'start the lesson', '시작하다 수업을', 'asset/img/day 1/03. start/start_the_lesson.png'),
(19, 3, 5, 'start the day', '시작하다 하루를', 'asset/img/day 1/03. start/start_the_day.png'),
(20, 3, 6, 'start the game', '시작하다 경기를', 'asset/img/day 1/03. start/start_the_game.png'),
(21, 3, 7, 'start the match', '시작하다 경기를', 'asset/img/day 1/03. start/start_the_match.png'),
(22, 4, 1, 'learn English', '배우다 영어를', 'asset/img/day 2/04. learn/learn_English.png'),
(23, 4, 2, 'learn Korean', '배우다 한국어를', 'asset/img/day 2/04. learn/learn_Korean.png'),
(24, 4, 3, 'learn Chinese', '배우다 중국어를', 'asset/img/day 2/04. learn/learn_Chinese.png'),
(25, 4, 4, 'learn Japanese', '배우다 일본어를', 'asset/img/day 2/04. learn/learn_Japanese.png'),
(26, 4, 5, 'learn French', '배우다 프랑스어를', 'asset/img/day 2/04. learn/learn_French.png'),
(27, 4, 6, 'learn German', '배우다 독일어를', 'asset/img/day 2/04. learn/learn_German.png'),
(28, 4, 7, 'learn Spanish', '배우다 스페인어를', 'asset/img/day 2/04. learn/learn_Spanish.png'),
(29, 5, 1, 'understand the problem', '이해하다 문제를', 'asset/img/day 2/05. understand/understand_the_problem.png'),
(30, 5, 2, 'understand the difficulty', '이해하다 어려움을', 'asset/img/day 2/05. understand/understand_the_difficulty.png'),
(31, 5, 3, 'understand the worry', '이해하다 걱정을', 'asset/img/day 2/05. understand/understand_the_worry.png'),
(32, 5, 4, 'understand the issue', '이해하다 이슈를', 'asset/img/day 2/05. understand/understand_the_issue.png'),
(33, 5, 5, 'understand the topic', '이해하다 주제를', 'asset/img/day 2/05. understand/understand_the_topic.png'),
(34, 5, 6, 'understand the subject', '이해하다 주제를', 'asset/img/day 2/05. understand/understand_the_subject.png'),
(35, 5, 7, 'understand the lesson', '이해하다 수업을', 'asset/img/day 2/05. understand/understand_the_lesson.png'),
(36, 6, 1, 'practice speaking', '연습하다 말하기를', 'asset/img/day 2/06. practice/practice_speaking.png'),
(37, 6, 2, 'practice listening', '연습하다 듣기를', 'asset/img/day 2/06. practice/practice_listening.png'),
(38, 6, 3, 'practice reading', '연습하다 읽기를', 'asset/img/day 2/06. practice/practice_reading.png'),
(39, 6, 4, 'practice writing', '연습하다 쓰기를', 'asset/img/day 2/06. practice/practice_writing.png'),
(40, 6, 5, 'practice dancing', '연습하다 춤을', 'asset/img/day 2/06. practice/practice_dancing.png'),
(41, 6, 6, 'practice singing', '연습하다 노래를', 'asset/img/day 2/06. practice/practice_singing.png'),
(42, 6, 7, 'practice drawing', '연습하다 그리기를', 'asset/img/day 2/06. practice/practice_drawing.png'),
(43, 7, 1, 'tell a secret', '말하다 비밀을', 'asset/img/day 3/07. tell/tell_a_secret.png'),
(44, 7, 2, 'tell a story', '말하다 이야기를', 'asset/img/day 3/07. tell/tell_a_story.png'),
(45, 7, 3, 'tell a tale', '말하다 이야기를', 'asset/img/day 3/07. tell/tell_a_tale.png'),
(46, 7, 4, 'tell a joke', '말하다 농담을', 'asset/img/day 3/07. tell/tell_a_joke.png'),
(47, 7, 5, 'tell a lie', '말하다 거짓말을', 'asset/img/day 3/07. tell/tell_a_lie.png'),
(48, 7, 6, 'tell a difference', '말하다 차이를', 'asset/img/day 3/07. tell/tell_a_difference.png'),
(49, 7, 7, 'tell a reason', '말하다 이유를', 'asset/img/day 3/07. tell/tell_a_reason.png'),
(50, 8, 1, 'write the list', '쓰다 목록을', 'asset/img/day 3/08. write/write_the_list.png'),
(51, 8, 2, 'write the essay', '쓰다 에세이를', 'asset/img/day 3/08. write/write_the_essay.png'),
(52, 8, 3, 'write the email', '쓰다 이메일을', 'asset/img/day 3/08. write/write_the_email.png'),
(53, 8, 4, 'write the letter', '쓰다 편지를', 'asset/img/day 3/08. write/write_the_letter.png'),
(54, 8, 5, 'write the message', '쓰다 메시지를', 'asset/img/day 3/08. write/write_the_message.png'),
(55, 8, 6, 'write the report', '쓰다 보고서를', 'asset/img/day 3/08. write/write_the_report.png'),
(56, 8, 7, 'write the story', '쓰다 이야기를', 'asset/img/day 3/08. write/write_the_story.png'),
(57, 9, 1, 'read aloud', '읽다 큰소리로', 'asset/img/day 3/09. read/read_aloud.png'),
(58, 9, 2, 'read attentively', '읽다 신중하게', 'asset/img/day 3/09. read/read_attentively.png'),
(59, 9, 3, 'read clearly', '읽다 명확하게', 'asset/img/day 3/09. read/read_clearly.png'),
(60, 9, 4, 'read carefully', '읽다 주의 깊게', 'asset/img/day 3/09. read/read_carefully.png'),
(61, 9, 5, 'read quietly', '읽다 조용히', 'asset/img/day 3/09. read/read_quietly.png'),
(62, 9, 6, 'read quickly', '읽다 빠르게', 'asset/img/day 3/09. read/read_quickly.png'),
(63, 9, 7, 'read slowly', '읽다 천천히', 'asset/img/day 3/09. read/read_slowly.png'),
(64, 10, 1, 'repeat chunking', '반복하다 청킹을', 'asset/img/day 4/10. repeat/repeat_chunking.png'),
(65, 10, 2, 'repeat the message', '반복하다 메시지를', 'asset/img/day 4/10. repeat/repeat_the_message.png'),
(66, 10, 3, 'repeat the point', '반복하다 요점을', 'asset/img/day 4/10. repeat/repeat_the_point.png'),
(67, 10, 4, 'repeat the content', '반복하다 내용을', 'asset/img/day 4/10. repeat/repeat_the_content.png'),
(68, 10, 5, 'repeat the story', '반복하다 이야기를', 'asset/img/day 4/10. repeat/repeat_the_story.png'),
(69, 10, 6, 'repeat the sentence', '따라말하다 문장을', 'asset/img/day 4/10. repeat/repeat_the_sentence.png'),
(70, 10, 7, 'repeat the word', '따라말하다 단어를', 'asset/img/day 4/10. repeat/repeat_the_word.png'),
(71, 11, 1, 'use the words', '사용하다 단어를', 'asset/img/day 4/11. use/use_the_words.png'),
(72, 11, 2, 'use the time', '사용하다 시간을', 'asset/img/day 4/11. use/use_the_time.png'),
(73, 11, 3, 'use the name', '사용하다 이름을', 'asset/img/day 4/11. use/use_the_name.png'),
(74, 11, 4, 'use the head', '사용하다 머리를', 'asset/img/day 4/11. use/use_the_head.png'),
(75, 11, 5, 'use the hands', '사용하다 손을', 'asset/img/day 4/11. use/use_the_hands.png'),
(76, 11, 6, 'use the body', '사용하다 몸을', 'asset/img/day 4/11. use/use_the_body.png'),
(77, 11, 7, 'use the voice', '사용하다 목소리를', 'asset/img/day 4/11. use/use_the_voice.png'),
(78, 12, 1, 'think in English', '생각하다 영어로', 'asset/img/day 4/12. think in/think_in_English.png'),
(79, 12, 2, 'think in Korean', '생각하다 한국어로', NULL),
(80, 12, 3, 'think in Chinese', '생각하다 중국어로', 'asset/img/day 4/12. think in/think_in_Chinese.png'),
(81, 12, 4, 'think in Japanese', '생각하다 일본어로', 'asset/img/day 4/12. think in/think_in_Japanese.png'),
(82, 12, 5, 'think in French', '생각하다 프랑스어로', 'asset/img/day 4/12. think in/think_in_French.png'),
(83, 12, 6, 'think in German', '생각하다 독일어로', 'asset/img/day 4/12. think in/think_in_German.png'),
(84, 12, 7, 'think in Spanish', '생각하다 스페인어로', 'asset/img/day 4/12. think in/think_in_Spanish.png'),
(85, 13, 1, 'train chunking', '훈련하다 청킹을', 'asset/img/day 5/13. train/train_chunking.png'),
(86, 13, 2, 'train the brain', '훈련하다 두뇌를', 'asset/img/day 5/13. train/train_the_brain.png'),
(87, 13, 3, 'train the mind', '훈련하다 마음을', 'asset/img/day 5/13. train/train_the_mind.png'),
(88, 13, 4, 'train the body', '훈련하다 신체를', 'asset/img/day 5/13. train/train_the_body.png'),
(89, 13, 5, 'train the arms', '훈련하다 팔을', 'asset/img/day 5/13. train/train_the_arms.png'),
(90, 13, 6, 'train the muscle', '훈련하다 근육을', 'asset/img/day 5/13. train/train_the_muscle.png'),
(91, 13, 7, 'train the memory', '훈련하다 기억력을', 'asset/img/day 5/13. train/train_the_memory.png'),
(92, 14, 1, 'plant the tree', '심다 나무를', NULL),
(93, 14, 2, 'plant the crop', '심다 농작물을', NULL),
(94, 14, 3, 'plant the flower', '심다 꽃을', NULL),
(95, 14, 4, 'plant the grass', '심다 잔디를', NULL),
(96, 14, 5, 'plant the seed', '심다 씨앗을', NULL),
(97, 14, 6, 'plant the seedling', '심다 묘목을', NULL),
(98, 14, 7, 'plant the sapling', '심다 묘목을', NULL),
(99, 15, 1, 'keep active', '유지하다 적극적인', NULL),
(100, 15, 2, 'keep positive', '유지하다 긍정적인', NULL),
(101, 15, 3, 'keep confident', '유지하다 자신감있는', NULL),
(102, 15, 4, 'keep strong', '유지하다 강한', NULL),
(103, 15, 5, 'keep safe', '유지하다 안전한', NULL),
(104, 15, 6, 'keep patient', '유지하다 참을성있는', NULL),
(105, 15, 7, 'keep steady', '유지하다 안정된', NULL),
(106, 16, 1, 'spend the time', '보내다 시간을', 'asset/img/day 6/16. spend/spend_the_time.png'),
(107, 16, 2, 'spend the day', '보내다 하루를', 'asset/img/day 6/16. spend/spend_the_day.png'),
(108, 16, 3, 'spend the night', '보내다 밤을', 'asset/img/day 6/16. spend/spend_the_night.png'),
(109, 16, 4, 'spend the hour', '보내다 시간을', 'asset/img/day 6/16. spend/spend_the_hour.png'),
(110, 16, 5, 'spend the morning', '보내다 아침을', 'asset/img/day 6/16. spend/spend_the_morning.png'),
(111, 16, 6, 'spend the afternoon', '보내다 오후를', 'asset/img/day 6/16. spend/spend_the_afternoon.png'),
(112, 16, 7, 'spend the evening', '보내다 저녁을', 'asset/img/day 6/16. spend/spend_the_evening.png'),
(113, 17, 1, 'watch the cartoon', '지켜보다 만화를', 'asset/img/day 6/17. watch/watch_the_cartoon.png'),
(114, 17, 2, 'watch the drama', '지켜보다 드라마를', 'asset/img/day 6/17. watch/watch_the_drama.png'),
(115, 17, 3, 'watch the soap opera', '지켜보다 연속극을', 'asset/img/day 6/17. watch/watch_the_soap_opera.png'),
(116, 17, 4, 'watch the movie', '지켜보다 영화를', 'asset/img/day 6/17. watch/watch_the_movie.png'),
(117, 17, 5, 'watch the film', '지켜보다 영화를', 'asset/img/day 6/17. watch/watch_the_film.png'),
(118, 17, 6, 'watch the news', '지켜보다 뉴스를', 'asset/img/day 6/17. watch/watch_the_news.png'),
(119, 17, 7, 'watch the video', '지켜보다 영상을', 'asset/img/day 6/17. watch/watch_the_video.png'),
(120, 18, 1, 'catch the words', '알아듣다 단어를', 'asset/img/day 6/18. catch/catch_the_words.png'),
(121, 18, 2, 'catch the joke', '알아듣다 농담을', 'asset/img/day 6/18. catch/catch_the_joke.png'),
(122, 18, 3, 'catch the meaning', '알아듣다 의미를', 'asset/img/day 6/18. catch/catch_the_meaning.png'),
(123, 18, 4, 'catch the name', '알아듣다 이름을', 'asset/img/day 6/18. catch/catch_the_name.png'),
(124, 18, 5, 'catch the number', '알아듣다 번호를', 'asset/img/day 6/18. catch/catch_the_number.png'),
(125, 18, 6, 'catch the point', '알아듣다 요점을', 'asset/img/day 6/18. catch/catch_the_point.png'),
(126, 18, 7, 'catch the question', '알아듣다 질문을', 'asset/img/day 6/18. catch/catch_the_question.png'),
(127, 19, 1, 'think of the future', '생각하다 미래를', 'asset/img/day 7/19. think of/think_of_the_future.png'),
(128, 19, 2, 'think of the past', '생각하다 과거를', 'asset/img/day 7/19. think of/think_of_the_past.png'),
(129, 19, 3, 'think of the end', '생각하다 결말을', 'asset/img/day 7/19. think of/think_of_the_end.png'),
(130, 19, 4, 'think of the idea', '생각하다 아이디어를', 'asset/img/day 7/19. think of/think_of_the_idea.png'),
(131, 19, 5, 'think of the title', '생각하다 제목을', 'asset/img/day 7/19. think of/think_of_the_title.png'),
(132, 19, 6, 'think of the word', '생각하다 단어를', 'asset/img/day 7/19. think of/think_of_the_word.png'),
(133, 19, 7, 'think of the risk', '생각하다 위험을', 'asset/img/day 7/19. think of/think_of_the_risk.png'),
(134, 20, 1, 'plan the day', '계획하다 하루를', 'asset/img/day 7/20. plan/plan_the_day.png'),
(135, 20, 2, 'plan the holiday', '계획하다 휴가를', 'asset/img/day 7/20. plan/plan_the_holiday.png'),
(136, 20, 3, 'plan the schedule', '계획하다 일정을', 'asset/img/day 7/20. plan/plan_the_schedule.png'),
(137, 20, 4, 'plan the timetable', '계획하다 일정표를', 'asset/img/day 7/20. plan/plan_the_timetable.png'),
(138, 20, 5, 'plan the step', '계획하다 단계를', 'asset/img/day 7/20. plan/plan_the_step.png'),
(139, 20, 6, 'plan the project', '계획하다 프로젝트를', 'asset/img/day 7/20. plan/plan_the_project.png'),
(140, 20, 7, 'plan the future', '계획하다 미래를', 'asset/img/day 7/20. plan/plan_the_future.png'),
(141, 21, 1, 'read the book', '읽다 책을', 'asset/img/day 7/21. read/read_the_book.png'),
(142, 21, 2, 'read the page', '읽다 페이지를', 'asset/img/day 7/21. read/read_the_page.png'),
(143, 21, 3, 'read the chapter', '읽다 책의 장을', 'asset/img/day 7/21. read/read_the_chapter.png'),
(144, 21, 4, 'read the text', '읽다 본문을', 'asset/img/day 7/21. read/read_the_text.png'),
(145, 21, 5, 'read the script', '읽다 대본을', 'asset/img/day 7/21. read/read_the_script.png'),
(146, 21, 6, 'read the novel', '읽다 소설을', 'asset/img/day 7/21. read/read_the_novel.png'),
(147, 21, 7, 'read the summary', '읽다 요약을', 'asset/img/day 7/21. read/read_the_summary.png'),
(148, 22, 1, 'face the challenge', '직면하다 도전을', 'asset/img/day 8/22. face/face_the_challenge.png'),
(149, 22, 2, 'face the fact', '직면하다 사실을', 'asset/img/day 8/22. face/face_the_fact.png'),
(150, 22, 3, 'face the future', '직면하다 미래를', 'asset/img/day 8/22. face/face_the_future.png'),
(151, 22, 4, 'face the reality', '직면하다 현실을', 'asset/img/day 8/22. face/face_the_reality.png'),
(152, 22, 5, 'face the situation', '직면하다 상황을', 'asset/img/day 8/22. face/face_the_situation.png'),
(153, 22, 6, 'face the truth', '직면하다 진실을', 'asset/img/day 8/22. face/face_the_truth.png'),
(154, 22, 7, 'face the world', '직면하다 세상을', 'asset/img/day 8/22. face/face_the_world.png'),
(155, 23, 1, 'write the diary', '쓰다 일기를', 'asset/img/day 8/23. write/write_the_diary.png'),
(156, 23, 2, 'write the article', '쓰다 기사를', 'asset/img/day 8/23. write/write_the_article.png'),
(157, 23, 3, 'write the book', '쓰다 책을', 'asset/img/day 8/23. write/write_the_book.png'),
(158, 23, 4, 'write the novel', '쓰다 소설을', 'asset/img/day 8/23. write/write_the_novel.png'),
(159, 23, 5, 'write the poem', '쓰다 시를', 'asset/img/day 8/23. write/write_the_poem.png'),
(160, 23, 6, 'write the scenario', '쓰다 시나리오를', 'asset/img/day 8/23. write/write_the_scenario.png'),
(161, 23, 7, 'write the song', '쓰다/작곡하다 노래를', 'asset/img/day 8/23. write/write_the_song.png'),
(162, 24, 1, 'keep up the good work', '유지하다 잘한 일을', 'asset/img/day 8/24. keep up/keep_up_the_good_work.png'),
(163, 24, 2, 'keep up the courage', '유지하다 용기를', 'asset/img/day 8/24. keep up/keep_up_the_courage.png'),
(164, 24, 3, 'keep up the morale', '유지하다 사기를', 'asset/img/day 8/24. keep up/keep_up_the_morale.png'),
(165, 24, 4, 'keep up the spirit', '유지하다 정신을', 'asset/img/day 8/24. keep up/keep_up_the_spirit.png'),
(166, 24, 5, 'keep up the steam', '유지하다 기운을', 'asset/img/day 8/24. keep up/keep_up_the_steam.png'),
(167, 24, 6, 'keep up the pace', '유지하다 속도를', 'asset/img/day 8/24. keep up/keep_up_the_pace.png'),
(168, 24, 7, 'keep up the price', '유지하다 가격을', 'asset/img/day 8/24. keep up/keep_up_the_price.png'),
(169, 25, 1, 'improve English', '향상시키다 영어를', NULL),
(170, 25, 2, 'improve the image', '향상시키다 이미지를', NULL),
(171, 25, 3, 'improve the quality', '향상시키다 품질을', NULL),
(172, 25, 4, 'improve the service', '향상시키다 서비스를', NULL),
(173, 25, 5, 'improve the situation', '향상시키다 상황을', NULL),
(174, 25, 6, 'improve the standard', '향상시키다 수준을', NULL),
(175, 25, 7, 'improve the system', '향상시키다 시스템을', NULL),
(176, 26, 1, 'visit the country', '방문하다 나라를', 'asset/img/day 9/26. visit/visit_the_country.png'),
(177, 26, 2, 'visit the city', '방문하다 도시를', 'asset/img/day 9/26. visit/visit_the_city.png'),
(178, 26, 3, 'visit the gallery', '방문하다 갤러리를', 'asset/img/day 9/26. visit/visit_the_gallery.png'),
(179, 26, 4, 'visit the library', '방문하다 도서관을', 'asset/img/day 9/26. visit/visit_the_library.png'),
(180, 26, 5, 'visit the museum', '방문하다 박물관을', 'asset/img/day 9/26. visit/visit_the_museum.png'),
(181, 26, 6, 'visit the palace', '방문하다 궁전을', 'asset/img/day 9/26. visit/visit_the_palace.png'),
(182, 26, 7, 'visit the park', '방문하다 공원을', 'asset/img/day 9/26. visit/visit_the_park.png'),
(183, 27, 1, 'build up the confidence', '더 강화하다 자신감을', 'asset/img/day 9/27. build up/build_up_the_confidence.png'),
(184, 27, 2, 'build up the friendship', '더 강화하다 우정을', 'asset/img/day 9/27. build up/build_up_the_friendship.png'),
(185, 27, 3, 'build up the story', '더 강화하다 이야기를', 'asset/img/day 9/27. build up/build_up_the_story.png'),
(186, 27, 4, 'build up the teamwork', '더 강화하다 팀워크를', 'asset/img/day 9/27. build up/build_up_the_teamwork.png'),
(187, 27, 5, 'build up the body', '더 강화하다 몸을', 'asset/img/day 9/27. build up/build_up_the_body.png'),
(188, 27, 6, 'build up the muscles', '더 강화하다 근육을', 'asset/img/day 9/27. build up/build_up_the_muscles.png'),
(189, 27, 7, 'build up the shoulders', '더 강화하다 어깨를', 'asset/img/day 9/27. build up/build_up_the_shoulders.png'),
(190, 28, 1, 'pass the test', '통과하다 시험을', 'asset/img/day 10/28. pass/pass_the_test.png'),
(191, 28, 2, 'pass the exam', '통과하다 시험을', 'asset/img/day 10/28. pass/pass_the_exam.png'),
(192, 28, 3, 'pass the audition', '통과하다 오디션을', 'asset/img/day 10/28. pass/pass_the_audition.png'),
(193, 28, 4, 'pass the course', '통과하다 과정을', 'asset/img/day 10/28. pass/pass_the_course.png'),
(194, 28, 5, 'pass the interview', '통과하다 인터뷰를', 'asset/img/day 10/28. pass/pass_the_interview.png'),
(195, 28, 6, 'pass the process', '통과하다 과정을', 'asset/img/day 10/28. pass/pass_the_process.png'),
(196, 28, 7, 'pass the standard', '통과하다 기준을', 'asset/img/day 10/28. pass/pass_the_standard.png'),
(197, 29, 1, 'achieve the goal', '성취하다 목표를', 'asset/img/day 10/29. achieve/achieve_the_goal.png'),
(198, 29, 2, 'achieve the dream', '성취하다 꿈을', 'asset/img/day 10/29. achieve/achieve_the_dream.png'),
(199, 29, 3, 'achieve the hope', '성취하다 희망을', 'asset/img/day 10/29. achieve/achieve_the_hope.png'),
(200, 29, 4, 'achieve the grade', '성취하다 성적을', 'asset/img/day 10/29. achieve/achieve_the_grade.png'),
(201, 29, 5, 'achieve the progress', '성취하다 발전을', 'asset/img/day 10/29. achieve/achieve_the_progress.png'),
(202, 29, 6, 'achieve the success', '성취하다 성공을', 'asset/img/day 10/29. achieve/achieve_the_success.png'),
(203, 29, 7, 'achieve the victory', '성취하다 승리를', 'asset/img/day 10/29. achieve/achieve_the_victory.png'),
(204, 30, 1, 'be proud', '이다 자랑스러운', NULL),
(205, 30, 2, 'be ashamed', '이다 부끄러운', NULL),
(206, 30, 3, 'be shameful', '이다 창피한', NULL),
(207, 30, 4, 'be active', '이다 능동적인', NULL),
(208, 30, 5, 'be passive', '이다 수동적인', NULL),
(209, 30, 6, 'be positive', '이다 긍정적인', NULL),
(210, 30, 7, 'be negative', '이다 부정적인', NULL),
(211, 31, 1, 'turn off the alarm', '끄다 알람을', 'asset/img/day 11/31. turn off/turn_off_the_alarm.png'),
(212, 31, 2, 'turn off the switch', '끄다 스위치를', 'asset/img/day 11/31. turn off/turn_off_the_switch.png'),
(213, 31, 3, 'turn off the power', '끄다 전원을', 'asset/img/day 11/31. turn off/turn_off_the_power.png'),
(214, 31, 4, 'turn off the fan', '끄다 선풍기를', 'asset/img/day 11/31. turn off/turn_off_the_fan.png'),
(215, 31, 5, 'turn off the heater', '끄다 히터를', 'asset/img/day 11/31. turn off/turn_off_the_heater.png'),
(216, 31, 6, 'turn off the gas', '끄다 가스를', 'asset/img/day 11/31. turn off/turn_off_the_gas.png'),
(217, 31, 7, 'turn off the engine', '끄다 엔진을', 'asset/img/day 11/31. turn off/turn_off_the_engine.png'),
(218, 32, 1, 'wake up early', '깨다 일찍', 'asset/img/day 11/32. wake up/wake_up_early.png'),
(219, 32, 2, 'wake up late', '깨다 늦게', 'asset/img/day 11/32. wake up/wake_up_late.png'),
(220, 32, 3, 'wake up on time', '깨다 정시에', 'asset/img/day 11/32. wake up/wake_up_on_time.png'),
(221, 32, 4, 'wake up slowly', '깨다 천천히', 'asset/img/day 11/32. wake up/wake_up_slowly.png'),
(222, 32, 5, 'wake up quickly', '깨다 빨리', 'asset/img/day 11/32. wake up/wake_up_quickly.png'),
(223, 32, 6, 'wake up quietly', '깨다 조용히', 'asset/img/day 11/32. wake up/wake_up_quietly.png'),
(224, 32, 7, 'wake up easily', '깨다 쉽게', 'asset/img/day 11/32. wake up/wake_up_easily.png'),
(225, 33, 1, 'open the eyes', '뜨다 눈을', 'asset/img/day 11/33. open/open_the_eyes.png'),
(226, 33, 2, 'open the mouth', '벌리다 입을', 'asset/img/day 11/33. open/open_the_mouth.png'),
(227, 33, 3, 'open the book', '펼치다 책을', 'asset/img/day 11/33. open/open_the_book.png'),
(228, 33, 4, 'open the map', '펼치다 지도를', 'asset/img/day 11/33. open/open_the_map.png'),
(229, 33, 5, 'open the page', '펼치다 페이지를', 'asset/img/day 11/33. open/open_the_page.png'),
(230, 33, 6, 'open the paper', '펼치다 서류를', 'asset/img/day 11/33. open/open_the_paper.png'),
(231, 33, 7, 'open a bank account', '개설하다 은행통장을', 'asset/img/day 11/33. open/open_a_bank_account.png'),
(232, 34, 1, 'look around the room', '둘러보다 방을', 'asset/img/day 12/34. look around/look_around_the_room.png'),
(233, 34, 2, 'look around the house', '둘러보다 집을', 'asset/img/day 12/34. look around/look_around_the_house.png'),
(234, 34, 3, 'look around the city', '둘러보다 도시를', 'asset/img/day 12/34. look around/look_around_the_city.png'),
(235, 34, 4, 'look around the museum', '둘러보다 박물관을', 'asset/img/day 12/34. look around/look_around_the_museum.png'),
(236, 34, 5, 'look around the school', '둘러보다 학교를', 'asset/img/day 12/34. look around/look_around_the_school.png'),
(237, 34, 6, 'look around the shop', '둘러보다 상점을', 'asset/img/day 12/34. look around/look_around_the_shop.png'),
(238, 34, 7, 'look around the store', '둘러보다 상점을', 'asset/img/day 12/34. look around/look_around_the_store.png'),
(239, 35, 1, 'yawn widely', '하품하다 크게', 'asset/img/day 12/35. yawn/yawn_widely.png'),
(240, 35, 2, 'yawn loudly', '하품하다 소리내어', 'asset/img/day 12/35. yawn/yawn_loudly.png'),
(241, 35, 3, 'yawn quietly', '하품하다 조용히', 'asset/img/day 12/35. yawn/yawn_quietly.png'),
(242, 35, 4, 'yawn slowly', '하품하다 천천히', 'asset/img/day 12/35. yawn/yawn_slowly.png'),
(243, 35, 5, 'yawn quickly', '하품하다 빠르게', 'asset/img/day 12/35. yawn/yawn_quickly.png'),
(244, 35, 6, 'yawn deeply', '하품하다 깊게', 'asset/img/day 12/35. yawn/yawn_deeply.png'),
(245, 35, 7, 'yawn repeatedly', '하품하다 반복적으로', 'asset/img/day 12/35. yawn/yawn_repeatedly.png'),
(246, 36, 1, 'make the bed', '정리하다 잠자리를', NULL),
(247, 36, 2, 'make a meal', '마련하다 식사를', NULL),
(248, 36, 3, 'make breakfast', '마련하다 아침을', NULL),
(249, 36, 4, 'make lunch', '마련하다 점심을', NULL),
(250, 36, 5, 'make dinner', '마련하다 자녁을', NULL),
(251, 36, 6, 'make supper', '마련하다 저녁을', NULL),
(252, 36, 7, 'make food', '마련하다 음식을', NULL),
(253, 37, 1, 'greet the morning', '환영하다 아침을', NULL),
(254, 37, 2, 'greet the day', '환영하다 하루를', NULL),
(255, 37, 3, 'greet the spring', '환영하다 봄을', NULL),
(256, 37, 4, 'greet the New Year', '환영하다 새해를', NULL),
(257, 37, 5, 'greet the customer', '인사하다 고객에게', NULL),
(258, 37, 6, 'greet the fan', '인사하다 팬에게', NULL),
(259, 37, 7, 'greet the guest', '인사하다 손님에게', NULL),
(260, 38, 1, 'feel happy', '느끼다 행복한', 'asset/img/day 13/38. feel/feel_happy.png'),
(261, 38, 2, 'feel comfortable', '느끼다 편안한', 'asset/img/day 13/38. feel/feel_comfortable.png'),
(262, 38, 3, 'feel free', '느끼다 자유로운', 'asset/img/day 13/38. feel/feel_free.png'),
(263, 38, 4, 'feel fresh', '느끼다 산뜻한', 'asset/img/day 13/38. feel/feel_fresh.png'),
(264, 38, 5, 'feel good', '느끼다 좋은', 'asset/img/day 13/38. feel/feel_good.png'),
(265, 38, 6, 'feel great', '느끼다 좋은', 'asset/img/day 13/38. feel/feel_great.png'),
(266, 38, 7, 'feel lucky', '느끼다 운이좋은', 'asset/img/day 13/38. feel/feel_lucky.png'),
(267, 39, 1, 'say good morning', '말하다 아침인사를', 'asset/img/day 13/39. say/say_good_morning.png'),
(268, 39, 2, 'say goodbye', '말하다 작별인사를', 'asset/img/day 13/39. say/say_goodbye.png'),
(269, 39, 3, 'say good afternoon', '말하다 오후인사를', 'asset/img/day 13/39. say/say_good_afternoon.png'),
(270, 39, 4, 'say good evening', '말하다 저녁인사를', 'asset/img/day 13/39. say/say_good_evening.png'),
(271, 39, 5, 'say good night', '말하다 밤인사를', 'asset/img/day 13/39. say/say_good_night.png'),
(272, 39, 6, 'say good job', '말하다 수고 인사를', 'asset/img/day 13/39. say/say_good_job.png'),
(273, 39, 7, 'say good luck', '말하다 행운 인사를', 'asset/img/day 13/39. say/say_good_luck.png'),
(274, 40, 1, 'sit on the floor', '앉다 마루에', 'asset/img/day 14/40. sit on/sit_on_the_floor.png'),
(275, 40, 2, 'sit on the bed', '앉다 침대에', 'asset/img/day 14/40. sit on/sit_on_the_bed.png'),
(276, 40, 3, 'sit on the chair', '앉다 의자에', 'asset/img/day 14/40. sit on/sit_on_the_chair.png'),
(277, 40, 4, 'sit on the couch', '앉다 카우치에', 'asset/img/day 14/40. sit on/sit_on_the_couch.png'),
(278, 40, 5, 'sit on the sofa', '앉다 소파에', 'asset/img/day 14/40. sit on/sit_on_the_sofa.png'),
(279, 40, 6, 'sit on the knee', '앉다 무릎에', 'asset/img/day 14/40. sit on/sit_on_the_knee.png'),
(280, 40, 7, 'sit on the lap', '앉다 무릎에', 'asset/img/day 14/40. sit on/sit_on_the_lap.png'),
(281, 41, 1, 'stay calm', '계속 있다 침착한', 'asset/img/day 14/41. stay/stay_calm.png'),
(282, 41, 2, 'stay cool', '계속 있다 냉정한', 'asset/img/day 14/41. stay/stay_cool.png'),
(283, 41, 3, 'stay healthy', '계속 있다 건강한', 'asset/img/day 14/41. stay/stay_healthy.png'),
(284, 41, 4, 'stay fit', '계속 있다 건강한', 'asset/img/day 14/41. stay/stay_fit.png'),
(285, 41, 5, 'stay slim', '계속 있다 날씬한', 'asset/img/day 14/41. stay/stay_slim.png'),
(286, 41, 6, 'stay quiet', '계속 있다 조용한', 'asset/img/day 14/41. stay/stay_quiet.png'),
(287, 41, 7, 'stay still', '계속 있다 가만히', 'asset/img/day 14/41. stay/stay_still.png'),
(288, 42, 1, 'do exercise', '하다 운동을', 'asset/img/day 14/42. do/do_exercise.png'),
(289, 42, 2, 'do push-ups', '하다 팔굽혀펴기를', NULL),
(290, 42, 3, 'do sit-ups', '하다 윗몸일으키기를', NULL),
(291, 42, 4, 'do pull-ups', '하다 턱걸이를', NULL),
(292, 42, 5, 'do warm-up', '하다 준비운동을', NULL),
(293, 42, 6, 'do squats', '하다 스쿼트를', 'asset/img/day 14/42. do/do_squats.png'),
(294, 42, 7, 'do yoga', '하다 요가를', NULL),
(295, 43, 1, 'act calmly', '행동하다 조용하게', 'asset/img/day 15/43. act/act_calmly.png'),
(296, 43, 2, 'act bravely', '행동하다 용감하게', 'asset/img/day 15/43. act/act_bravely.png'),
(297, 43, 3, 'act carefully', '행동하다 조심스럽게', 'asset/img/day 15/43. act/act_carefully.png'),
(298, 43, 4, 'act kindly', '행동하다 친절하게', 'asset/img/day 15/43. act/act_kindly.png'),
(299, 43, 5, 'act naturally', '행동하다 자연스럽게', 'asset/img/day 15/43. act/act_naturally.png'),
(300, 43, 6, 'act quickly', '행동하다 빠르게', 'asset/img/day 15/43. act/act_quickly.png'),
(301, 43, 7, 'act slowly', '행동하다 느리게', 'asset/img/day 15/43. act/act_slowly.png'),
(302, 44, 1, 'walk to the bathroom', '걸어가다 욕실로', 'asset/img/day 15/44. walk to/walk_to_the_bathroom.png'),
(303, 44, 2, 'walk to the bedroom', '걸어가다 침실로', 'asset/img/day 15/44. walk to/walk_to_the_bedroom.png'),
(304, 44, 3, 'walk to the living room', '걸어가다 거실로', 'asset/img/day 15/44. walk to/walk_to_the_living_room.png'),
(305, 44, 4, 'walk to the dining room', '걸어가다 식당으로', 'asset/img/day 15/44. walk to/walk_to_the_dining_room.png'),
(306, 44, 5, 'walk to the kitchen', '걸어가다 부엌으로', 'asset/img/day 15/44. walk to/walk_to_the_kitchen.png'),
(307, 44, 6, 'walk to the door', '걸어가다 문으로', 'asset/img/day 15/44. walk to/walk_to_the_door.png'),
(308, 44, 7, 'walk to the window', '걸어가다 창문으로', 'asset/img/day 15/44. walk to/walk_to_the_window.png'),
(309, 45, 1, 'turn on the water', '틀다 물을', 'asset/img/day 15/45. turn on/turn_on_the_water.png'),
(310, 45, 2, 'turn on the tap', '틀다 수도꼭지를', 'asset/img/day 15/45. turn on/turn_on_the_tap.png'),
(311, 45, 3, 'turn on the computer', '켜다 컴퓨터를', 'asset/img/day 15/45. turn on/turn_on_the_computer.png'),
(312, 45, 4, 'turn on the light', '켜다 전등을', 'asset/img/day 15/45. turn on/turn_on_the_light.png'),
(313, 45, 5, 'turn on the radio', '켜다 라디오를', 'asset/img/day 15/45. turn on/turn_on_the_radio.png'),
(314, 45, 6, 'turn on the TV', '켜다 TV를', 'asset/img/day 15/45. turn on/turn_on_the_TV.png'),
(315, 45, 7, 'turn on the music', '켜다 음악을', 'asset/img/day 15/45. turn on/turn_on_the_music.png'),
(316, 46, 1, 'rub the hands', '문지르다 손을', 'asset/img/day 16/46. rub/rub_the_hands.png'),
(317, 46, 2, 'rub the arm', '문지르다 팔을', 'asset/img/day 16/46. rub/rub_the_arm.png'),
(318, 46, 3, 'rub the face', '문지르다 얼굴을', 'asset/img/day 16/46. rub/rub_the_face.png'),
(319, 46, 4, 'rub the skin', '문지르다 피부를', 'asset/img/day 16/46. rub/rub_the_skin.png'),
(320, 46, 5, 'rub the cream', '문지르다 크림을', 'asset/img/day 16/46. rub/rub_the_cream.png'),
(321, 46, 6, 'rub the surface', '문지르다 표면을', 'asset/img/day 16/46. rub/rub_the_surface.png'),
(322, 46, 7, 'rub the eyes', '비비다 눈을', 'asset/img/day 16/46. rub/rub_the_eyes.png'),
(323, 47, 1, 'wash the face', '씻다 얼굴을', 'asset/img/day 16/47. wash/wash_the_face.png'),
(324, 47, 2, 'wash the hands', '씻다 손을', 'asset/img/day 16/47. wash/wash_the_hands.png'),
(325, 47, 3, 'wash the arms', '씻다 팔을', 'asset/img/day 16/47. wash/wash_the_arms.png'),
(326, 47, 4, 'wash the feet', '씻다 발을', 'asset/img/day 16/47. wash/wash_the_feet.png'),
(327, 47, 5, 'wash the legs', '씻다 다리를', 'asset/img/day 16/47. wash/wash_the_legs.png'),
(328, 47, 6, 'wash the body', '씻다 몸을', 'asset/img/day 16/47. wash/wash_the_body.png'),
(329, 47, 7, 'wash the hair', '씻다 머리를', 'asset/img/day 16/47. wash/wash_the_hair.png'),
(330, 48, 1, 'have a shampoo', '하다 샴푸를', 'asset/img/day 16/48. have/have_a_shampoo.png'),
(331, 48, 2, 'have a bath', '하다 목욕을', 'asset/img/day 16/48. have/have_a_bath.png'),
(332, 48, 3, 'have a haircut', '하다 머리자르기를', 'asset/img/day 16/48. have/have_a_haircut.png'),
(333, 48, 4, 'have a perm', '하다 파마를', 'asset/img/day 16/48. have/have_a_perm.png'),
(334, 48, 5, 'have a shave', '하다 면도를', 'asset/img/day 16/48. have/have_a_shave.png'),
(335, 48, 6, 'have a shower', '하다 샤워를', 'asset/img/day 16/48. have/have_a_shower.png'),
(336, 48, 7, 'have a tan', '하다 선탠을', 'asset/img/day 16/48. have/have_a_tan.png'),
(337, 49, 1, 'grab the toothbrush', '붙잡다 칫솔을', 'asset/img/day 17/49. grab/grab_the_toothbrush.png'),
(338, 49, 2, 'grab the bag', '붙잡다 가방을', 'asset/img/day 17/49. grab/grab_the_bag.png'),
(339, 49, 3, 'grab the ball', '붙잡다 공을', 'asset/img/day 17/49. grab/grab_the_ball.png'),
(340, 49, 4, 'grab the book', '붙잡다 책을', 'asset/img/day 17/49. grab/grab_the_book.png'),
(341, 49, 5, 'grab the coat', '붙잡다 외투를', 'asset/img/day 17/49. grab/grab_the_coat.png'),
(342, 49, 6, 'grab the pen', '붙잡다 펜을', 'asset/img/day 17/49. grab/grab_the_pen.png'),
(343, 49, 7, 'grab the phone', '붙잡다 전화기를', 'asset/img/day 17/49. grab/grab_the_phone.png'),
(344, 50, 1, 'squeeze the toothpaste', '짜다 치약을', 'asset/img/day 17/50. squeeze/squeeze_the_toothpaste.png'),
(345, 50, 2, 'squeeze the sponge', '짜다 스폰지를', 'asset/img/day 17/50. squeeze/squeeze_the_sponge.png'),
(346, 50, 3, 'squeeze the tube', '짜다 튜브를', 'asset/img/day 17/50. squeeze/squeeze_the_tube.png'),
(347, 50, 4, 'squeeze the juice', '짜다 주스를', 'asset/img/day 17/50. squeeze/squeeze_the_juice.png'),
(348, 50, 5, 'squeeze the lemon', '짜다 레몬을', 'asset/img/day 17/50. squeeze/squeeze_the_lemon.png'),
(349, 50, 6, 'squeeze the lime', '짜다 라임을', 'asset/img/day 17/50. squeeze/squeeze_the_lime.png'),
(350, 50, 7, 'squeeze the orange', '짜다 오렌지를', 'asset/img/day 17/50. squeeze/squeeze_the_orange.png'),
(351, 51, 1, 'brush the teeth', '솔질하다 치아를', 'asset/img/day 17/51. brush/brush_the_teeth.png'),
(352, 51, 2, 'brush the hair', '솔질하다 머리를', 'asset/img/day 17/51. brush/brush_the_hair.png'),
(353, 51, 3, 'brush the cat', '솔질하다 고양이를', 'asset/img/day 17/51. brush/brush_the_cat.png'),
(354, 51, 4, 'brush the dog', '솔질하다 개를', 'asset/img/day 17/51. brush/brush_the_dog.png'),
(355, 51, 5, 'brush the clothes', '솔질하다 옷을', 'asset/img/day 17/51. brush/brush_the_clothes.png'),
(356, 51, 6, 'brush the coat', '솔질하다 코트를', 'asset/img/day 17/51. brush/brush_the_coat.png'),
(357, 51, 7, 'brush the shoes', '솔질하다 신발을', 'asset/img/day 17/51. brush/brush_the_shoes.png'),
(358, 52, 1, 'rinse the mouth', '헹구다 입을', 'asset/img/day 18/52. rinse/rinse_the_mouth.png'),
(359, 52, 2, 'rinse the hair', '헹구다 머리를', 'asset/img/day 18/52. rinse/rinse_the_hair.png'),
(360, 52, 3, 'rinse the dishes', '헹구다 그릇을', 'asset/img/day 18/52. rinse/rinse_the_dishes.png'),
(361, 52, 4, 'rinse the cup', '헹구다 컵을', 'asset/img/day 18/52. rinse/rinse_the_cup.png'),
(362, 52, 5, 'rinse the glass', '헹구다 유리잔을', 'asset/img/day 18/52. rinse/rinse_the_glass.png'),
(363, 52, 6, 'rinse the vegetables', '헹구다 채소를', 'asset/img/day 18/52. rinse/rinse_the_vegetables.png'),
(364, 52, 7, 'rinse the rice', '헹구다 쌀을', 'asset/img/day 18/52. rinse/rinse_the_rice.png'),
(365, 53, 1, 'spit out the water', '뱉다 물을', 'asset/img/day 18/53. spit out/spit_out_the_water.png'),
(366, 53, 2, 'spit out the coffee', '뱉다 커피를', 'asset/img/day 18/53. spit out/spit_out_the_coffee.png'),
(367, 53, 3, 'spit out the food', '뱉다 음식을', 'asset/img/day 18/53. spit out/spit_out_the_food.png'),
(368, 53, 4, 'spit out the gum', '뱉다 껌을', 'asset/img/day 18/53. spit out/spit_out_the_gum.png'),
(369, 53, 5, 'spit out the seed', '뱉다 씨를', 'asset/img/day 18/53. spit out/spit_out_the_seed.png'),
(370, 53, 6, 'spit out the answer', '뱉다 정답을', 'asset/img/day 18/53. spit out/spit_out_the_answer.png'),
(371, 53, 7, 'spit out the word', '뱉다 단어를', 'asset/img/day 18/53. spit out/spit_out_the_word.png'),
(372, 54, 1, 'clean the sink', '청소하다 싱크대를', 'asset/img/day 18/54. clean/clean_the_sink.png'),
(373, 54, 2, 'clean the carpet', '청소하다 카펫을', 'asset/img/day 18/54. clean/clean_the_carpet.png'),
(374, 54, 3, 'clean the desk', '청소하다 책상을', 'asset/img/day 18/54. clean/clean_the_desk.png'),
(375, 54, 4, 'clean the floor', '청소하다 바닥을', 'asset/img/day 18/54. clean/clean_the_floor.png'),
(376, 54, 5, 'clean the table', '청소하다 식탁을', 'asset/img/day 18/54. clean/clean_the_table.png'),
(377, 54, 6, 'clean the mirror', '닦다 거울을', 'asset/img/day 18/54. clean/clean_the_mirror.png'),
(378, 54, 7, 'clean the window', '닦다 유리창을', 'asset/img/day 18/54. clean/clean_the_window.png'),
(379, 55, 1, 'turn off the water', '잠그다 물을', 'asset/img/day 19/55. turn off/turn_off_the_water.png'),
(380, 55, 2, 'turn off the tap', '잠그다 수도꼭지를', 'asset/img/day 19/55. turn off/turn_off_the_tap.png'),
(381, 55, 3, 'turn off the computer', '끄다 컴퓨터를', 'asset/img/day 19/55. turn off/turn_off_the_computer.png'),
(382, 55, 4, 'turn off the light', '끄다 전등을', 'asset/img/day 19/55. turn off/turn_off_the_light.png'),
(383, 55, 5, 'turn off the radio', '끄다 라디오를', 'asset/img/day 19/55. turn off/turn_off_the_radio.png'),
(384, 55, 6, 'turn off the TV', '끄다 TV를', 'asset/img/day 19/55. turn off/turn_off_the_TV.png'),
(385, 55, 7, 'turn off the music', '끄다 음악을', 'asset/img/day 19/55. turn off/turn_off_the_music.png'),
(386, 56, 1, 'be peaceful', '이다 평온한', 'asset/img/day 19/56. be/be_peaceful.png'),
(387, 56, 2, 'be cheerful', '이다 발랄한', 'asset/img/day 19/56. be/be_cheerful.png'),
(388, 56, 3, 'be confident', '이다 확신하는', 'asset/img/day 19/56. be/be_confident.png'),
(389, 56, 4, 'be generous', '이다 관대한', 'asset/img/day 19/56. be/be_generous.png'),
(390, 56, 5, 'be hopeful', '이다 희망적인', 'asset/img/day 19/56. be/be_hopeful.png'),
(391, 56, 6, 'be young', '이다 젊은', 'asset/img/day 19/56. be/be_young.png'),
(392, 56, 7, 'be old', '이다 늙은', 'asset/img/day 19/56. be/be_old.png'),
(393, 57, 1, 'have breakfast', '먹다 아침을', 'asset/img/day 19/57. have/have_breakfast.png'),
(394, 57, 2, 'have lunch', '먹다 점심을', 'asset/img/day 19/57. have/have_lunch.png'),
(395, 57, 3, 'have dinner', '먹다 저녁을', 'asset/img/day 19/57. have/have_dinner.png'),
(396, 57, 4, 'have supper', '먹다 저녁을', 'asset/img/day 19/57. have/have_supper.png'),
(397, 57, 5, 'have a dessert', '먹다 디저트를', 'asset/img/day 19/57. have/have_a_dessert.png'),
(398, 57, 6, 'have a meal', '먹다 식사를', 'asset/img/day 19/57. have/have_a_meal.png'),
(399, 57, 7, 'have a snack', '먹다 간식을', 'asset/img/day 19/57. have/have_a_snack.png'),
(400, 58, 1, 'pour the milk', '따르다 우유를', 'asset/img/day 20/58. pour/pour_the_milk.png'),
(401, 58, 2, 'pour the coffee', '따르다 커피를', 'asset/img/day 20/58. pour/pour_the_coffee.png'),
(402, 58, 3, 'pour the juice', '따르다 주스를', 'asset/img/day 20/58. pour/pour_the_juice.png'),
(403, 58, 4, 'pour the sauce', '따르다 소스를', 'asset/img/day 20/58. pour/pour_the_sauce.png'),
(404, 58, 5, 'pour the soup', '따르다 수프를', 'asset/img/day 20/58. pour/pour_the_soup.png'),
(405, 58, 6, 'pour the wine', '따르다 와인을', 'asset/img/day 20/58. pour/pour_the_wine.png'),
(406, 58, 7, 'pour the water', '따르다 물을', 'asset/img/day 20/58. pour/pour_the_water.png'),
(407, 59, 1, 'warm the milk', '따뜻하게하다 우유를', 'asset/img/day 20/59. warm/warm_the_milk.png'),
(408, 59, 2, 'warm the soup', '따뜻하게하다 수프를', 'asset/img/day 20/59. warm/warm_the_soup.png'),
(409, 59, 3, 'warm the water', '따뜻하게하다 물을', 'asset/img/day 20/59. warm/warm_the_water.png'),
(410, 59, 4, 'warm the pan', '따뜻하게하다 팬을', 'asset/img/day 20/59. warm/warm_the_pan.png'),
(411, 59, 5, 'warm the pot', '따뜻하게하다 포트를', 'asset/img/day 20/59. warm/warm_the_pot.png'),
(412, 59, 6, 'warm the room', '따뜻하게하다 방을', 'asset/img/day 20/59. warm/warm_the_room.png'),
(413, 59, 7, 'warm the house', '따뜻하게하다 집을', 'asset/img/day 20/59. warm/warm_the_house.png'),
(414, 60, 1, 'eat the cereal', '먹다 시리얼을', 'asset/img/day 20/60. eat/eat_the_cereal.png'),
(415, 60, 2, 'eat breakfast', '먹다 아침을 (비공식 표현)', 'asset/img/day 20/60. eat/eat_breakfast.png'),
(416, 60, 3, 'eat lunch', '먹다 점심을 (비공식 표현)', 'asset/img/day 20/60. eat/eat_lunch.png'),
(417, 60, 4, 'eat dinner', '먹다 저녁을 (비공식 표현)', 'asset/img/day 20/60. eat/eat_dinner.png'),
(418, 60, 5, 'eat the bread', '먹다 빵을', 'asset/img/day 20/60. eat/eat_the_bread.png'),
(419, 60, 6, 'eat the rice', '먹다 밥을', 'asset/img/day 20/60. eat/eat_the_rice.png'),
(420, 60, 7, 'eat the soup', '먹다 수프를', 'asset/img/day 20/60. eat/eat_the_soup.png'),
(421, 61, 1, 'check the phone', '확인하다 전화기를', 'asset/img/day 21/61. check/check_the_phone.png'),
(422, 61, 2, 'check the email', '확인하다 이메일을', 'asset/img/day 21/61. check/check_the_email.png'),
(423, 61, 3, 'check the items', '확인하다 내용물을', 'asset/img/day 21/61. check/check_the_items.png'),
(424, 61, 4, 'check the map', '확인하다 지도를', 'asset/img/day 21/61. check/check_the_map.png'),
(425, 61, 5, 'check the result', '확인하다 결과를', 'asset/img/day 21/61. check/check_the_result.png'),
(426, 61, 6, 'check the time', '확인하다 시간을', 'asset/img/day 21/61. check/check_the_time.png'),
(427, 61, 7, 'check the weather', '확인하다 날씨를', 'asset/img/day 21/61. check/check_the_weather.png'),
(428, 62, 1, 'browse social media', '둘러보다 소셜미디어를', 'asset/img/day 21/62. browse/browse_social_media.png'),
(429, 62, 2, 'browse the book', '둘러보다 책을', 'asset/img/day 21/62. browse/browse_the_book.png'),
(430, 62, 3, 'browse the gallery', '둘러보다 갤러리를', 'asset/img/day 21/62. browse/browse_the_gallery.png'),
(431, 62, 4, 'browse the internet', '둘러보다 인터넷을', 'asset/img/day 21/62. browse/browse_the_internet.png'),
(432, 62, 5, 'browse the site', '둘러보다 사이트를', 'asset/img/day 21/62. browse/browse_the_site.png'),
(433, 62, 6, 'browse the store', '둘러보다 상점을', 'asset/img/day 21/62. browse/browse_the_store.png'),
(434, 62, 7, 'browse the web', '둘러보다 웹을', 'asset/img/day 21/62. browse/browse_the_web.png'),
(435, 63, 1, 'send the message', '보내다 메시지를', 'asset/img/day 21/63. send/send_the_message.png'),
(436, 63, 2, 'send the email', '보내다 이메일을', 'asset/img/day 21/63. send/send_the_email.png'),
(437, 63, 3, 'send the fax', '보내다 팩스를', 'asset/img/day 21/63. send/send_the_fax.png'),
(438, 63, 4, 'send the file', '보내다 파일을', 'asset/img/day 21/63. send/send_the_file.png'),
(439, 63, 5, 'send the invitation', '보내다 초대장을', 'asset/img/day 21/63. send/send_the_invitation.png'),
(440, 63, 6, 'send the photo', '보내다 사진을', 'asset/img/day 21/63. send/send_the_photo.png'),
(441, 63, 7, 'send the report', '보내다 보고서를', 'asset/img/day 21/63. send/send_the_report.png'),
(442, 64, 1, 'face the mirror', '마주보다 거울을', 'asset/img/day 22/64. face/face_the_mirror.png'),
(443, 64, 2, 'face the audience', '마주보다 관객을', 'asset/img/day 22/64. face/face_the_audience.png'),
(444, 64, 3, 'face the camera', '마주보다 카메라를', 'asset/img/day 22/64. face/face_the_camera.png'),
(445, 64, 4, 'face the crowd', '마주보다 군중을', 'asset/img/day 22/64. face/face_the_crowd.png'),
(446, 64, 5, 'face the front', '마주보다 정면을', 'asset/img/day 22/64. face/face_the_front.png'),
(447, 64, 6, 'face the wall', '마주보다 벽을', 'asset/img/day 22/64. face/face_the_wall.png'),
(448, 64, 7, 'face the window', '마주보다 창문을', 'asset/img/day 22/64. face/face_the_window.png'),
(449, 65, 1, 'choose the shirt', '선택하다 셔츠를', 'asset/img/day 22/65. choose/choose_the_shirt.png'),
(450, 65, 2, 'choose the clothes', '선택하다 옷을', 'asset/img/day 22/65. choose/choose_the_clothes.png'),
(451, 65, 3, 'choose the color', '선택하다 색깔을', 'asset/img/day 22/65. choose/choose_the_color.png'),
(452, 65, 4, 'choose the design', '선택하다 디자인을', 'asset/img/day 22/65. choose/choose_the_design.png'),
(453, 65, 5, 'choose the menu', '선택하다 메뉴를', 'asset/img/day 22/65. choose/choose_the_menu.png'),
(454, 65, 6, 'choose the food', '선택하다 음식을', 'asset/img/day 22/65. choose/choose_the_food.png'),
(455, 65, 7, 'choose the fruit', '선택하다 과일을', 'asset/img/day 22/65. choose/choose_the_fruit.png'),
(456, 66, 1, 'smile brightly', '웃다 밝게', 'asset/img/day 22/66. smile/smile_brightly.png'),
(457, 66, 2, 'smile gently', '웃다 부드럽게', 'asset/img/day 22/66. smile/smile_gently.png'),
(458, 66, 3, 'smile happily', '웃다 행복하게', 'asset/img/day 22/66. smile/smile_happily.png'),
(459, 66, 4, 'smile kindly', '웃다 친절하게', 'asset/img/day 22/66. smile/smile_kindly.png'),
(460, 66, 5, 'smile proudly', '웃다 자랑스럽게', 'asset/img/day 22/66. smile/smile_proudly.png'),
(461, 66, 6, 'smile quietly', '웃다 조용히', 'asset/img/day 22/66. smile/smile_quietly.png'),
(462, 66, 7, 'smile sweetly', '웃다 사랑스럽게', 'asset/img/day 22/66. smile/smile_sweetly.png'),
(463, 67, 1, 'button up the shirt', '단추로 잠그다 셔츠를', 'asset/img/day 23/67. button up/button_up_the_shirt.png'),
(464, 67, 2, 'button up the blouse', '단추로 잠그다 블라우스를', 'asset/img/day 23/67. button up/button_up_the_blouse.png'),
(465, 67, 3, 'button up the coat', '단추로 잠그다 코트를', 'asset/img/day 23/67. button up/button_up_the_coat.png'),
(466, 67, 4, 'button up the jacket', '단추로 잠그다 재킷을', 'asset/img/day 23/67. button up/button_up_the_jacket.png'),
(467, 67, 5, 'button up the pants', '단추로 잠그다 바지를', 'asset/img/day 23/67. button up/button_up_the_pants.png'),
(468, 67, 6, 'button up the suit', '단추로 잠그다 정장을', 'asset/img/day 23/67. button up/button_up_the_suit.png'),
(469, 67, 7, 'button up the trousers', '단추로 잠그다 바지를', 'asset/img/day 23/67. button up/button_up_the_trousers.png'),
(470, 68, 1, 'wear the pants', '입다 바지를', 'asset/img/day 23/68. wear/wear_the_pants.png'),
(471, 68, 2, 'wear the clothes', '입다 옷을', 'asset/img/day 23/68. wear/wear_the_clothes.png'),
(472, 68, 3, 'wear the coat', '입다 코트를', 'asset/img/day 23/68. wear/wear_the_coat.png'),
(473, 68, 4, 'wear the dress', '입다 드레스를', 'asset/img/day 23/68. wear/wear_the_dress.png'),
(474, 68, 5, 'wear the shirt', '입다 셔츠를', 'asset/img/day 23/68. wear/wear_the_shirt.png'),
(475, 68, 6, 'wear the suit', '입다 양복을', 'asset/img/day 23/68. wear/wear_the_suit.png'),
(476, 68, 7, 'wear the uniform', '입다 제복을', 'asset/img/day 23/68. wear/wear_the_uniform.png'),
(477, 69, 1, 'get dressed', '되다 옷을 입는', 'asset/img/day 23/69. get/get_dressed.png'),
(478, 69, 2, 'get undressed', '되다 옷을 벗는', 'asset/img/day 23/69. get/get_undressed.png'),
(479, 69, 3, 'get opened', '되다 열려있는', 'asset/img/day 23/69. get/get_opened.png'),
(480, 69, 4, 'get closed', '되다 닫힌', 'asset/img/day 23/69. get/get_closed.png'),
(481, 69, 5, 'get started', '되다 시작하는', 'asset/img/day 23/69. get/get_started.png'),
(482, 69, 6, 'get finished', '되다 끝나는', 'asset/img/day 23/69. get/get_finished.png'),
(483, 69, 7, 'get married', '되다 결혼하는', 'asset/img/day 23/69. get/get_married.png'),
(484, 70, 1, 'care for the hair', '신경쓰다 머리를', 'asset/img/day 24/70. care for/care_for_the_hair.png'),
(485, 70, 2, 'care for the face', '신경쓰다 얼굴을', 'asset/img/day 24/70. care for/care_for_the_face.png'),
(486, 70, 3, 'care for the health', '신경쓰다 건강을', 'asset/img/day 24/70. care for/care_for_the_health.png'),
(487, 70, 4, 'care for the skin', '신경쓰다 피부를', 'asset/img/day 24/70. care for/care_for_the_skin.png'),
(488, 70, 5, 'care for the teeth', '신경쓰다 치아를', 'asset/img/day 24/70. care for/care_for_the_teeth.png'),
(489, 70, 6, 'care for the child', '돌보다 아이를', 'asset/img/day 24/70. care for/care_for_the_child.png'),
(490, 70, 7, 'care for the animal', '돌보다 동물을', 'asset/img/day 24/70. care for/care_for_the_animal.png'),
(491, 71, 1, 'tie the hair', '묶다 머리를', 'asset/img/day 24/71. tie/tie_the_hair.png'),
(492, 71, 2, 'tie the bag', '묶다 가방을', 'asset/img/day 24/71. tie/tie_the_bag.png'),
(493, 71, 3, 'tie the ends', '묶다 끝을', 'asset/img/day 24/71. tie/tie_the_ends.png'),
(494, 71, 4, 'tie the package', '묶다 소포를', 'asset/img/day 24/71. tie/tie_the_package.png'),
(495, 71, 5, 'tie the ribbon', '묶다 리본을', 'asset/img/day 24/71. tie/tie_the_ribbon.png'),
(496, 71, 6, 'tie the shoelaces', '묶다 신발끈을', 'asset/img/day 24/71. tie/tie_the_shoelaces.png'),
(497, 71, 7, 'tie the string', '묶다 끈을', 'asset/img/day 24/71. tie/tie_the_string.png'),
(498, 72, 1, 'pack the bag', '짐을 싸다 가방에', 'asset/img/day 24/72. pack/pack_the_bag.png'),
(499, 72, 2, 'pack the suitcase', '짐을 싸다 여행용가방에', 'asset/img/day 24/72. pack/pack_the_suitcase.png'),
(500, 72, 3, 'pack the trunk', '짐을 싸다 큰가방에', 'asset/img/day 24/72. pack/pack_the_trunk.png'),
(501, 72, 4, 'pack the box', '짐을 싸다 상자에', 'asset/img/day 24/72. pack/pack_the_box.png'),
(502, 72, 5, 'pack the clothes', '싸다 옷을', 'asset/img/day 24/72. pack/pack_the_clothes.png'),
(503, 72, 6, 'pack the food', '싸다 음식을', 'asset/img/day 24/72. pack/pack_the_food.png'),
(504, 72, 7, 'pack the lunch', '싸다 점심을', NULL),
(505, 73, 1, 'protect the eyes', '보호하다 눈을', 'asset/img/day 25/73. protect/protect_the_eyes.png'),
(506, 73, 2, 'protect the body', '보호하다 신체를', 'asset/img/day 25/73. protect/protect_the_body.png'),
(507, 73, 3, 'protect the head', '보호하다 머리를', 'asset/img/day 25/73. protect/protect_the_head.png'),
(508, 73, 4, 'protect the skin', '보호하다 피부를', 'asset/img/day 25/73. protect/protect_the_skin.png'),
(509, 73, 5, 'protect the earth', '보호하다 지구를', 'asset/img/day 25/73. protect/protect_the_earth.png'),
(510, 73, 6, 'protect the animals', '보호하다 동물을', 'asset/img/day 25/73. protect/protect_the_animals.png'),
(511, 73, 7, 'protect the plants', '보호하다 식물을', 'asset/img/day 25/73. protect/protect_the_plants.png'),
(512, 74, 1, 'block the sun', '막다 햇빛을', 'asset/img/day 25/74. block/block_the_sun.png'),
(513, 74, 2, 'block the entrance', '막다 입구를', 'asset/img/day 25/74. block/block_the_entrance.png'),
(514, 74, 3, 'block the exit', '막다 출구를', 'asset/img/day 25/74. block/block_the_exit.png'),
(515, 74, 4, 'block the light', '막다 빛을', 'asset/img/day 25/74. block/block_the_light.png'),
(516, 74, 5, 'block the sight', '막다 시야를', 'asset/img/day 25/74. block/block_the_sight.png'),
(517, 74, 6, 'block the traffic', '막다 교통을', 'asset/img/day 25/74. block/block_the_traffic.png'),
(518, 74, 7, 'block the way', '막다 길을', 'asset/img/day 25/74. block/block_the_way.png'),
(519, 75, 1, 'leave the house', '떠나다 집을', 'asset/img/day 25/75. leave/leave_the_house.png'),
(520, 75, 2, 'leave the city', '떠나다 도시를', 'asset/img/day 25/75. leave/leave_the_city.png'),
(521, 75, 3, 'leave the country', '떠나다 나라를', 'asset/img/day 25/75. leave/leave_the_country.png'),
(522, 75, 4, 'leave the room', '떠나다 방을', 'asset/img/day 25/75. leave/leave_the_room.png'),
(523, 75, 5, 'leave the school', '떠나다 학교를', 'asset/img/day 25/75. leave/leave_the_school.png'),
(524, 75, 6, 'leave the table', '떠나다 식탁을', 'asset/img/day 25/75. leave/leave_the_table.png'),
(525, 75, 7, 'leave the team', '떠나다 팀을', 'asset/img/day 25/75. leave/leave_the_team.png'),
(526, 76, 1, 'look at the sky', '보다 하늘을', 'asset/img/day 26/76. look at/look_at_the_sky.png'),
(527, 76, 2, 'look at the board', '보다 칠판을', 'asset/img/day 26/76. look at/look_at_the_board.png'),
(528, 76, 3, 'look at the carmera', '보다 카메라를', 'asset/img/day 26/76. look at/look_at_the_carmera.png'),
(529, 76, 4, 'look at the flower', '보다 꽃을', 'asset/img/day 26/76. look at/look_at_the_flower.png'),
(530, 76, 5, 'look at the front', '보다 앞을', 'asset/img/day 26/76. look at/look_at_the_front.png'),
(531, 76, 6, 'look at the menu', '보다 메뉴를', 'asset/img/day 26/76. look at/look_at_the_menu.png'),
(532, 76, 7, 'look at the street', '보다 거리를', 'asset/img/day 26/76. look at/look_at_the_street.png'),
(533, 77, 1, 'be happy', '이다 행복한', 'asset/img/day 26/77. be/be_happy.png'),
(534, 77, 2, 'be unhappy', '이다 불행한', 'asset/img/day 26/77. be/be_unhappy.png'),
(535, 77, 3, 'be glad', '이다 기쁜', 'asset/img/day 26/77. be/be_glad.png'),
(536, 77, 4, 'be sad', '이다 슬픈', 'asset/img/day 26/77. be/be_sad.png'),
(537, 77, 5, 'be good', '이다 좋은', 'asset/img/day 26/77. be/be_good.png'),
(538, 77, 6, 'be bad', '이다 나쁜', 'asset/img/day 26/77. be/be_bad.png'),
(539, 77, 7, 'be fine', '이다 좋은', 'asset/img/day 26/77. be/be_fine.png'),
(540, 78, 1, 'like the sky', '좋아하다 하늘을', 'asset/img/day 26/78. like/like_the_sky.png'),
(541, 78, 2, 'like the rain', '좋아하다 비를', 'asset/img/day 26/78. like/like_the_rain.png'),
(542, 78, 3, 'like the sun', '좋아하다 해를', 'asset/img/day 26/78. like/like_the_sun.png'),
(543, 78, 4, 'like the wind', '좋아하다 바람을', 'asset/img/day 26/78. like/like_the_wind.png'),
(544, 78, 5, 'like the dance', '좋아하다 무용을', 'asset/img/day 26/78. like/like_the_dance.png'),
(545, 78, 6, 'like the movie', '좋아하다 영화를', 'asset/img/day 26/78. like/like_the_movie.png'),
(546, 78, 7, 'like the picture', '좋아하다 그림을', 'asset/img/day 26/78. like/like_the_picture.png'),
(547, 79, 1, 'pass the park', '지나가다 공원을', 'asset/img/day 27/79. pass/pass_the_park.png'),
(548, 79, 2, 'pass the bank', '지나가다 은행을', 'asset/img/day 27/79. pass/pass_the_bank.png'),
(549, 79, 3, 'pass the hotel', '지나가다 호텔을', 'asset/img/day 27/79. pass/pass_the_hotel.png'),
(550, 79, 4, 'pass the museum', '지나가다 박물관을', 'asset/img/day 27/79. pass/pass_the_museum.png'),
(551, 79, 5, 'pass the shop', '지나가다 상점을', 'asset/img/day 27/79. pass/pass_the_shop.png'),
(552, 79, 6, 'pass the hospital', '지나가다 병원을', 'asset/img/day 27/79. pass/pass_the_hospital.png'),
(553, 79, 7, 'pass the port', '지나가다 항구를', 'asset/img/day 27/79. pass/pass_the_port.png'),
(554, 80, 1, 'climb the hill', '오르다 언덕을', 'asset/img/day 27/80. climb/climb_the_hill.png'),
(555, 80, 2, 'climb the ladder', '오르다 사다리를', 'asset/img/day 27/80. climb/climb_the_ladder.png'),
(556, 80, 3, 'climb the rock', '오르다 바위를', 'asset/img/day 27/80. climb/climb_the_rock.png'),
(557, 80, 4, 'climb the rope', '오르다 밧줄을', 'asset/img/day 27/80. climb/climb_the_rope.png'),
(558, 80, 5, 'climb the stairs', '오르다 계단을', 'asset/img/day 27/80. climb/climb_the_stairs.png'),
(559, 80, 6, 'climb the steps', '오르다 계단을', 'asset/img/day 27/80. climb/climb_the_steps.png'),
(560, 80, 7, 'climb the tree', '오르다 나무를', 'asset/img/day 27/80. climb/climb_the_tree.png'),
(561, 81, 1, 'take a breath', '하다 숨쉬는 것을', 'asset/img/day 27/81. take/take_a_breath.png'),
(562, 81, 2, 'take a break', '하다 잠깐휴식을', 'asset/img/day 27/81. take/take_a_break.png'),
(563, 81, 3, 'take a nap', '하다 낮잠을', 'asset/img/day 27/81. take/take_a_nap.png'),
(564, 81, 4, 'take a pause', '하다 잠깐휴식을', 'asset/img/day 27/81. take/take_a_pause.png'),
(565, 81, 5, 'take a recess', '하다 휴회를', 'asset/img/day 27/81. take/take_a_recess.png'),
(566, 81, 6, 'take a rest', '하다 휴식을', 'asset/img/day 27/81. take/take_a_rest.png'),
(567, 81, 7, 'take a sleep', '하다 잠을', 'asset/img/day 27/81. take/take_a_sleep.png'),
(568, 82, 1, 'obey the rule', '지키다 규칙을', 'asset/img/day 28/82. obey/obey_the_rule.png'),
(569, 82, 2, 'obey the law', '지키다 법을', 'asset/img/day 28/82. obey/obey_the_law.png'),
(570, 82, 3, 'obey the sign', '지키다 표지판을', 'asset/img/day 28/82. obey/obey_the_sign.png'),
(571, 82, 4, 'obey the command', '따르다 명령을', 'asset/img/day 28/82. obey/obey_the_command.png'),
(572, 82, 5, 'obey the decision', '따르다 결정을', 'asset/img/day 28/82. obey/obey_the_decision.png'),
(573, 82, 6, 'obey the instruction', '따르다 지시를', 'asset/img/day 28/82. obey/obey_the_instruction.png'),
(574, 82, 7, 'obey the order', '따르다 명령을', 'asset/img/day 28/82. obey/obey_the_order.png'),
(575, 83, 1, 'cross the street', '건너다 도로를', 'asset/img/day 28/83. cross/cross_the_street.png'),
(576, 83, 2, 'cross the border', '건너다 국경을', 'asset/img/day 28/83. cross/cross_the_border.png'),
(577, 83, 3, 'cross the bridge', '건너다 다리를', 'asset/img/day 28/83. cross/cross_the_bridge.png'),
(578, 83, 4, 'cross the crosswalk', '건너다 횡단보도를', 'asset/img/day 28/83. cross/cross_the_crosswalk.png'),
(579, 83, 5, 'cross the line', '건너다 선을', 'asset/img/day 28/83. cross/cross_the_line.png'),
(580, 83, 6, 'cross the river', '건너다 강을', 'asset/img/day 28/83. cross/cross_the_river.png'),
(581, 83, 7, 'cross the road', '건너다 길을', 'asset/img/day 28/83. cross/cross_the_road.png'),
(582, 84, 1, 'use the stairs', '이용하다 계단을', 'asset/img/day 28/84. use/use_the_stairs.png'),
(583, 84, 2, 'use the elevator', '이용하다 엘리베이터를', 'asset/img/day 28/84. use/use_the_elevator.png'),
(584, 84, 3, 'use the escalator', '이용하다 에스컬레이터를', 'asset/img/day 28/84. use/use_the_escalator.png'),
(585, 84, 4, 'use the car', '이용하다 차를', 'asset/img/day 28/84. use/use_the_car.png'),
(586, 84, 5, 'use the bus', '이용하다 버스를', 'asset/img/day 28/84. use/use_the_bus.png'),
(587, 84, 6, 'use the subway', '이용하다 지하철을', 'asset/img/day 28/84. use/use_the_subway.png'),
(588, 84, 7, 'use the train', '이용하다 기차를', 'asset/img/day 28/84. use/use_the_train.png'),
(589, 85, 1, 'see the park', '보다 공원을', 'asset/img/day 29/85. see/see_the_park.png'),
(590, 85, 2, 'see the garden', '보다 정원을', 'asset/img/day 29/85. see/see_the_garden.png'),
(591, 85, 3, 'see the sun', '보다 해를', 'asset/img/day 29/85. see/see_the_sun.png'),
(592, 85, 4, 'see the moon', '보다 달을', 'asset/img/day 29/85. see/see_the_moon.png'),
(593, 85, 5, 'see the light', '보다 빛을', 'asset/img/day 29/85. see/see_the_light.png'),
(594, 85, 6, 'see the dog', '보다 개를', 'asset/img/day 29/85. see/see_the_dog.png'),
(595, 85, 7, 'see the cat', '보다 고양이를', 'asset/img/day 29/85. see/see_the_cat.png'),
(596, 86, 1, 'listen to the wind', '귀기울여 듣다 바람소리를', NULL),
(597, 86, 2, 'listen to the rain', '귀기울여 듣다 빗소리를', NULL),
(598, 86, 3, 'listen to the sound', '귀기울여 듣다 소리를', NULL),
(599, 86, 4, 'listen to the noise', '귀기울여 듣다 소음을', NULL),
(600, 86, 5, 'listen to the alarm', '귀기울여 듣다 알람을', NULL),
(601, 86, 6, 'listen to the message', '귀기울여 듣다 메시지를', NULL),
(602, 86, 7, 'listen to the speech', '귀기울여 듣다 연설을', NULL),
(603, 87, 1, 'imagine the future', '상상하다 미래를', 'asset/img/day 29/87. imagine/imagine_the_future.png'),
(604, 87, 2, 'imagine the dream', '상상하다 꿈을', 'asset/img/day 29/87. imagine/imagine_the_dream.png'),
(605, 87, 3, 'imagine the life', '상상하다 삶을', 'asset/img/day 29/87. imagine/imagine_the_life.png'),
(606, 87, 4, 'imagine the picture', '상상하다 그림을', 'asset/img/day 29/87. imagine/imagine_the_picture.png'),
(607, 87, 5, 'imagine the possibility', '상상하다 가능성을', 'asset/img/day 29/87. imagine/imagine_the_possibility.png'),
(608, 87, 6, 'imagine the surprise', '상상하다 놀라움을', 'asset/img/day 29/87. imagine/imagine_the_surprise.png'),
(609, 87, 7, 'imagine the world', '상상하다 세상을', 'asset/img/day 29/87. imagine/imagine_the_world.png'),
(610, 88, 1, 'arrive at school', '도착하다 학교에', 'asset/img/day 30/88. arrive at/arrive_at_school.png'),
(611, 88, 2, 'arrive at home', '도착하다 집에', 'asset/img/day 30/88. arrive at/arrive_at_home.png'),
(612, 88, 3, 'arrive at work', '도착하다 직장에', 'asset/img/day 30/88. arrive at/arrive_at_work.png'),
(613, 88, 4, 'arrive at the office', '도착하다 사무실에', NULL),
(614, 88, 5, 'arrive at the gate', '도착하다 문에', 'asset/img/day 30/88. arrive at/arrive_at_the_gate.png'),
(615, 88, 6, 'arrive at the hotel', '도착하다 호텔에', 'asset/img/day 30/88. arrive at/arrive_at_the_hotel.png'),
(616, 88, 7, 'arrive at the station', '도착하다 역에', 'asset/img/day 30/88. arrive at/arrive_at_the_station.png'),
(617, 89, 1, 'come to class', '오다 수업에', 'asset/img/day 30/89. come to/come_to_class.png'),
(618, 89, 2, 'come to school', '오다 학교로', 'asset/img/day 30/89. come to/come_to_school.png'),
(619, 89, 3, 'come to church', '오다 교회로', 'asset/img/day 30/89. come to/come_to_church.png'),
(620, 89, 4, 'come to the concert', '오다 콘서트로', 'asset/img/day 30/89. come to/come_to_the_concert.png'),
(621, 89, 5, 'come to the stage', '오다 무대로', 'asset/img/day 30/89. come to/come_to_the_stage.png'),
(622, 89, 6, 'come to the meeting', '오다 회의에', 'asset/img/day 30/89. come to/come_to_the_meeting.png'),
(623, 89, 7, 'come to the party', '오다 파티에', 'asset/img/day 30/89. come to/come_to_the_party.png'),
(624, 90, 1, 'bow to the teacher', '인사하다 선생님에게', 'asset/img/day 30/90. bow to/bow_to_the_teacher.png'),
(625, 90, 2, 'bow to the audience', '인사하다 관객에게', 'asset/img/day 30/90. bow to/bow_to_the_audience.png'),
(626, 90, 3, 'bow to the fan', '인사하다 팬들에게', 'asset/img/day 30/90. bow to/bow_to_the_fan.png'),
(627, 90, 4, 'bow to the friend', '인사하다 친구에게', 'asset/img/day 30/90. bow to/bow_to_the_friend.png'),
(628, 90, 5, 'bow to the guest', '인사하다 손님에게', 'asset/img/day 30/90. bow to/bow_to_the_guest.png'),
(629, 90, 6, 'bow to the parent', '인사하다 부모님에게', 'asset/img/day 30/90. bow to/bow_to_the_parent.png'),
(630, 90, 7, 'bow to each other', '인사하다 서로서로', 'asset/img/day 30/90. bow to/bow_to_each_other.png'),
(631, 91, 1, 'place the bag', '놓다 가방을', 'asset/img/day 31/91. place/place_the_bag.png'),
(632, 91, 2, 'place the book', '놓다 책을', 'asset/img/day 31/91. place/place_the_book.png'),
(633, 91, 3, 'place the box', '놓다 상자를', 'asset/img/day 31/91. place/place_the_box.png'),
(634, 91, 4, 'place the pot', '놓다 화분을', 'asset/img/day 31/91. place/place_the_pot.png'),
(635, 91, 5, 'place the shoes', '놓다 신발을', 'asset/img/day 31/91. place/place_the_shoes.png'),
(636, 91, 6, 'place the spoon', '놓다 숟가락을', 'asset/img/day 31/91. place/place_the_spoon.png'),
(637, 91, 7, 'place the table', '놓다 식탁을', 'asset/img/day 31/91. place/place_the_table.png'),
(638, 92, 1, 'pick the book', '고르다 책을', 'asset/img/day 31/92. pick/pick_the_book.png'),
(639, 92, 2, 'pick the card', '고르다 카드를', 'asset/img/day 31/92. pick/pick_the_card.png'),
(640, 92, 3, 'pick the dress', '고르다 옷을', 'asset/img/day 31/92. pick/pick_the_dress.png'),
(641, 92, 4, 'pick the number', '고르다 번호를', 'asset/img/day 31/92. pick/pick_the_number.png'),
(642, 92, 5, 'pick the word', '고르다 단어를', 'asset/img/day 31/92. pick/pick_the_word.png'),
(643, 92, 6, 'pick the best', '고르다 최고를', 'asset/img/day 31/92. pick/pick_the_best.png'),
(644, 92, 7, 'pick the winner', '고르다 승자를', 'asset/img/day 31/92. pick/pick_the_winner.png'),
(645, 93, 1, 'read the story', '읽다 이야기를', NULL),
(646, 93, 2, 'read the letter', '읽다 편지를', NULL),
(647, 93, 3, 'read the message', '읽다 메시지를', NULL),
(648, 93, 4, 'read the newspaper', '읽다 신문을', NULL),
(649, 93, 5, 'read the article', '읽다 기사를', NULL),
(650, 93, 6, 'read the news', '읽다 뉴스를', NULL),
(651, 93, 7, 'read the column', '읽다 칼럼을', NULL),
(652, 94, 1, 'pay attention', '하다 주의를', 'asset/img/day 32/94. pay/pay_attention.png'),
(653, 94, 2, 'pay respect', '하다 존경을', 'asset/img/day 32/94. pay/pay_respect.png'),
(654, 94, 3, 'pay reverence', '하다 존경을', 'asset/img/day 32/94. pay/pay_reverence.png'),
(655, 94, 4, 'pay a visit', '하다 방문을', 'asset/img/day 32/94. pay/pay_a_visit.png'),
(656, 94, 5, 'pay a call', '하다 방문을', 'asset/img/day 32/94. pay/pay_a_call.png'),
(657, 94, 6, 'pay a compliment', '하다 칭찬을', 'asset/img/day 32/94. pay/pay_a_compliment.png'),
(658, 94, 7, 'pay a tribute', '하다 찬사를', 'asset/img/day 32/94. pay/pay_a_tribute.png'),
(659, 95, 1, 'study the case', '연구하다 사례를', 'asset/img/day 32/95. study/study_the_case.png'),
(660, 95, 2, 'study the climate', '연구하다 기후를', 'asset/img/day 32/95. study/study_the_climate.png'),
(661, 95, 3, 'study the cosmos', '연구하다 우주를', 'asset/img/day 32/95. study/study_the_cosmos.png'),
(662, 95, 4, 'study the moon', '연구하다 달을', 'asset/img/day 32/95. study/study_the_moon.png'),
(663, 95, 5, 'study the effect', '연구하다 효과를', 'asset/img/day 32/95. study/study_the_effect.png'),
(664, 95, 6, 'study the report', '연구하다 보고서를', 'asset/img/day 32/95. study/study_the_report.png'),
(665, 95, 7, 'study the subject', '연구하다 주제를', 'asset/img/day 32/95. study/study_the_subject.png'),
(666, 96, 1, 'understand the context', '이해하다 문맥을', 'asset/img/day 32/96. understand/understand_the_context.png'),
(667, 96, 2, 'understand the concept', '이해하다 개념을', 'asset/img/day 32/96. understand/understand_the_concept.png'),
(668, 96, 3, 'understand the text', '이해하다 본문을', 'asset/img/day 32/96. understand/understand_the_text.png'),
(669, 96, 4, 'understand the sentence', '이해하다 문장을', 'asset/img/day 32/96. understand/understand_the_sentence.png'),
(670, 96, 5, 'understand the message', '이해하다 메시지를', 'asset/img/day 32/96. understand/understand_the_message.png'),
(671, 96, 6, 'understand the conversation', '이해하다 대화를', 'asset/img/day 32/96. understand/understand_the_conversation.png'),
(672, 96, 7, 'understand the word', '이해하다 단어를', 'asset/img/day 32/96. understand/understand_the_word.png'),
(673, 97, 1, 'make a sentence', '만들다 문장을', 'asset/img/day 33/97. make/make_a_sentence.png'),
(674, 97, 2, 'make a law', '만들다 법을', 'asset/img/day 33/97. make/make_a_law.png'),
(675, 97, 3, 'make a list', '만들다 목록을', 'asset/img/day 33/97. make/make_a_list.png'),
(676, 97, 4, 'make a plan', '만들다 계획을', 'asset/img/day 33/97. make/make_a_plan.png'),
(677, 97, 5, 'make a project', '만들다 프로젝트를', 'asset/img/day 33/97. make/make_a_project.png'),
(678, 97, 6, 'make a rule', '만들다 규칙을', 'asset/img/day 33/97. make/make_a_rule.png'),
(679, 97, 7, 'make a story', '만들다 이야기를', 'asset/img/day 33/97. make/make_a_story.png'),
(680, 98, 1, 'correct the mistake', '바로잡다 실수를', 'asset/img/day 33/98. correct/correct_the_mistake.png'),
(681, 98, 2, 'correct the data', '바로잡다 데이터를', 'asset/img/day 33/98. correct/correct_the_data.png'),
(682, 98, 3, 'correct the error', '바로잡다 오류를', 'asset/img/day 33/98. correct/correct_the_error.png'),
(683, 98, 4, 'correct the name', '바로잡다 이름을', 'asset/img/day 33/98. correct/correct_the_name.png'),
(684, 98, 5, 'correct the order', '바로잡다 순서를', 'asset/img/day 33/98. correct/correct_the_order.png'),
(685, 98, 6, 'correct the problem', '바로잡다 문제를', 'asset/img/day 33/98. correct/correct_the_problem.png'),
(686, 98, 7, 'correct the record', '바로잡다 기록을', 'asset/img/day 33/98. correct/correct_the_record.png'),
(687, 99, 1, 'look for the answer', '찾다 정답을', 'asset/img/day 33/99. look for/look_for_the_answer.png'),
(688, 99, 2, 'look for the bag', '찾다 가방을', 'asset/img/day 33/99. look for/look_for_the_bag.png'),
(689, 99, 3, 'look for the key', '찾다 열쇠를', 'asset/img/day 33/99. look for/look_for_the_key.png'),
(690, 99, 4, 'look for the phone', '찾다 전화기를', 'asset/img/day 33/99. look for/look_for_the_phone.png'),
(691, 99, 5, 'look for the job', '찾다 일자리를', 'asset/img/day 33/99. look for/look_for_the_job.png'),
(692, 99, 6, 'look for the opportunity', '찾다 기회를', 'asset/img/day 33/99. look for/look_for_the_opportunity.png'),
(693, 99, 7, 'look for the song', '찾다 노래를', 'asset/img/day 33/99. look for/look_for_the_song.png'),
(694, 100, 1, 'speak English', '말하다 영어를', NULL),
(695, 100, 2, 'speak Korean', '말하다 한국어를', NULL),
(696, 100, 3, 'speak Chinese', '말하다 중국어를', NULL),
(697, 100, 4, 'speak Japanese', '말하다 일본어를', NULL),
(698, 100, 5, 'speak French', '말하다 프랑스어를', NULL),
(699, 100, 6, 'speak German', '말하다 독일어를', NULL),
(700, 100, 7, 'speak Spanish', '말하다 스페인어를', NULL),
(701, 101, 1, 'say the word', '말하다 단어를', 'asset/img/day 34/101. say/say_the_word.png'),
(702, 101, 2, 'say the answer', '말하다 정답을', 'asset/img/day 34/101. say/say_the_answer.png'),
(703, 101, 3, 'say the brand', '말하다 브랜드를', 'asset/img/day 34/101. say/say_the_brand.png'),
(704, 101, 4, 'say the date', '말하다 날짜를', 'asset/img/day 34/101. say/say_the_date.png'),
(705, 101, 5, 'say the name', '말하다 이름을', 'asset/img/day 34/101. say/say_the_name.png'),
(706, 101, 6, 'say the title', '말하다 제목을', 'asset/img/day 34/101. say/say_the_title.png'),
(707, 101, 7, 'say the truth', '말하다 진실을', 'asset/img/day 34/101. say/say_the_truth.png'),
(708, 102, 1, 'read the sentence', '읽다 문장을', 'asset/img/day 34/102. read/read_the_sentence.png'),
(709, 102, 2, 'read the poem', '읽다 시를', 'asset/img/day 34/102. read/read_the_poem.png'),
(710, 102, 3, 'read the line', '읽다 가사를', 'asset/img/day 34/102. read/read_the_line.png'),
(711, 102, 4, 'read the information', '읽다 정보를', 'asset/img/day 34/102. read/read_the_information.png'),
(712, 102, 5, 'read the series', '읽다 시리즈를', 'asset/img/day 34/102. read/read_the_series.png'),
(713, 102, 6, 'read the question', '읽다 질문을', 'asset/img/day 34/102. read/read_the_question.png'),
(714, 102, 7, 'read the label', '읽다 상표를', 'asset/img/day 34/102. read/read_the_label.png'),
(715, 103, 1, 'circle the answer', '동그라미를 치다 정답을', 'asset/img/day 35/103. circle/circle_the_answer.png'),
(716, 103, 2, 'circle the choice', '동그라미를 치다 선택을', 'asset/img/day 35/103. circle/circle_the_choice.png'),
(717, 103, 3, 'circle the date', '동그라미를 치다 날짜를', 'asset/img/day 35/103. circle/circle_the_date.png'),
(718, 103, 4, 'circle the letter', '동그라미를 치다 글자를', 'asset/img/day 35/103. circle/circle_the_letter.png'),
(719, 103, 5, 'circle the number', '동그라미를 치다 번호를', 'asset/img/day 35/103. circle/circle_the_number.png'),
(720, 103, 6, 'circle the picture', '동그라미를 치다 그림을', 'asset/img/day 35/103. circle/circle_the_picture.png'),
(721, 103, 7, 'circle the word', '동그라미를 치다 단어를', 'asset/img/day 35/103. circle/circle_the_word.png'),
(722, 104, 1, 'look excited', '~처럼 보이다 신나는', 'asset/img/day 35/104. look/look_excited.png'),
(723, 104, 2, 'look happy', '~처럼 보이다 행복한', 'asset/img/day 35/104. look/look_happy.png'),
(724, 104, 3, 'look beautiful', '~처럼 보이다 아름다운', 'asset/img/day 35/104. look/look_beautiful.png'),
(725, 104, 4, 'look good', '~처럼 보이다 좋은', 'asset/img/day 35/104. look/look_good.png'),
(726, 104, 5, 'look bad', '~처럼 보이다 나쁜', 'asset/img/day 35/104. look/look_bad.png'),
(727, 104, 6, 'look pale', '~처럼 보이다 창백한', 'asset/img/day 35/104. look/look_pale.png'),
(728, 104, 7, 'look tired', '~처럼 보이다 피곤한', 'asset/img/day 35/104. look/look_tired.png'),
(729, 105, 1, 'repeat the expression', '반복하다 표현을', 'asset/img/day 35/105. repeat/repeat_the_expression.png'),
(730, 105, 2, 'repeat the answer', '반복하다 대답을', 'asset/img/day 35/105. repeat/repeat_the_answer.png'),
(731, 105, 3, 'repeat the question', '반복하다 질문을', 'asset/img/day 35/105. repeat/repeat_the_question.png'),
(732, 105, 4, 'repeat the name', '반복하다 이름을', 'asset/img/day 35/105. repeat/repeat_the_name.png'),
(733, 105, 5, 'repeat the number', '반복하다 숫자를', 'asset/img/day 35/105. repeat/repeat_the_number.png'),
(734, 105, 6, 'repeat the test', '반복하다 테스트를', 'asset/img/day 35/105. repeat/repeat_the_test.png'),
(735, 105, 7, 'repeat the instruction', '반복하다 지시를', 'asset/img/day 35/105. repeat/repeat_the_instruction.png'),
(736, 106, 1, 'introduce myself', '소개하다 나 자신을', 'asset/img/day 36/106. introduce/introduce_myself.png'),
(737, 106, 2, 'introduce the family', '소개하다 가족을', 'asset/img/day 36/106. introduce/introduce_the_family.png'),
(738, 106, 3, 'introduce the goods', '소개하다 상품을', 'asset/img/day 36/106. introduce/introduce_the_goods.png'),
(739, 106, 4, 'introduce the guest', '소개하다 손님을', 'asset/img/day 36/106. introduce/introduce_the_guest.png'),
(740, 106, 5, 'introduce the member', '소개하다 회원을', 'asset/img/day 36/106. introduce/introduce_the_member.png'),
(741, 106, 6, 'introduce the movie', '소개하다 영화를', 'asset/img/day 36/106. introduce/introduce_the_movie.png'),
(742, 106, 7, 'introduce the song', '소개하다 노래를', 'asset/img/day 36/106. introduce/introduce_the_song.png'),
(743, 107, 1, 'come to the front', '오다 앞으로', 'asset/img/day 36/107. come to/come_to_the_front.png'),
(744, 107, 2, 'come to the back', '오다 뒤로', 'asset/img/day 36/107. come to/come_to_the_back.png'),
(745, 107, 3, 'come to the center', '오다 중앙으로', 'asset/img/day 36/107. come to/come_to_the_center.png'),
(746, 107, 4, 'come to the middle', '오다 중간으로', 'asset/img/day 36/107. come to/come_to_the_middle.png'),
(747, 107, 5, 'come to the left', '오다 왼쪽으로', 'asset/img/day 36/107. come to/come_to_the_left.png'),
(748, 107, 6, 'come to the right', '오다 오른쪽으로', 'asset/img/day 36/107. come to/come_to_the_right.png'),
(749, 107, 7, 'come to the side', '오다 옆으로', 'asset/img/day 36/107. come to/come_to_the_side.png'),
(750, 108, 1, 'breathe deeply', '숨쉬다 깊게', 'asset/img/day 36/108. breathe/breathe_deeply.png'),
(751, 108, 2, 'breathe calmly', '숨쉬다 조용히', 'asset/img/day 36/108. breathe/breathe_calmly.png'),
(752, 108, 3, 'breathe freely', '숨쉬다 자유롭게', 'asset/img/day 36/108. breathe/breathe_freely.png'),
(753, 108, 4, 'breathe heavily', '숨쉬다 거칠게', 'asset/img/day 36/108. breathe/breathe_heavily.png'),
(754, 108, 5, 'breathe loudly', '숨쉬다 큰소리로', 'asset/img/day 36/108. breathe/breathe_loudly.png'),
(755, 108, 6, 'breathe quickly', '숨쉬다 빠르게', 'asset/img/day 36/108. breathe/breathe_quickly.png'),
(756, 108, 7, 'breathe slowly', '숨쉬다 느리게', 'asset/img/day 36/108. breathe/breathe_slowly.png'),
(757, 109, 1, 'grab the chance', '붙잡다 기회를', 'asset/img/day 37/109. grab/grab_the_chance.png'),
(758, 109, 2, 'grab the opportunity', '붙잡다 기회를', 'asset/img/day 37/109. grab/grab_the_opportunity.png'),
(759, 109, 3, 'grab the attention', '붙잡다 주의를', 'asset/img/day 37/109. grab/grab_the_attention.png'),
(760, 109, 4, 'grab the bottom', '붙잡다 아래를', 'asset/img/day 37/109. grab/grab_the_bottom.png'),
(761, 109, 5, 'grab the top', '붙잡다 위를', 'asset/img/day 37/109. grab/grab_the_top.png'),
(762, 109, 6, 'grab the end', '붙잡다 끝을', 'asset/img/day 37/109. grab/grab_the_end.png'),
(763, 109, 7, 'grab the back', '붙잡다 뒤를', 'asset/img/day 37/109. grab/grab_the_back.png'),
(764, 110, 1, 'talk about the hobby', '말하다 취미에 대해', 'asset/img/day 37/110. talk about/talk_about_the_hobby.png'),
(765, 110, 2, 'talk about the book', '말하다 책에 대해', 'asset/img/day 37/110. talk about/talk_about_the_book.png'),
(766, 110, 3, 'talk about the concert', '말하다 콘서트에 대해', 'asset/img/day 37/110. talk about/talk_about_the_concert.png'),
(767, 110, 4, 'talk about the event', '말하다 행사에 대해', 'asset/img/day 37/110. talk about/talk_about_the_event.png'),
(768, 110, 5, 'talk about the issue', '말하다 이슈에 대해', 'asset/img/day 37/110. talk about/talk_about_the_issue.png'),
(769, 110, 6, 'talk about the movie', '말하다 영화에 대해', 'asset/img/day 37/110. talk about/talk_about_the_movie.png'),
(770, 110, 7, 'talk about the song', '말하다 노래에 대해', 'asset/img/day 37/110. talk about/talk_about_the_song.png'),
(771, 111, 1, 'make a presentation', '하다 프리젠테이션을', 'asset/img/day 37/111. make/make_a_presentation.png'),
(772, 111, 2, 'make an agreement', '하다 합의를', 'asset/img/day 37/111. make/make_an_agreement.png'),
(773, 111, 3, 'make an appointment', '하다 약속을', 'asset/img/day 37/111. make/make_an_appointment.png'),
(774, 111, 4, 'make an offer', '하다 제의를', 'asset/img/day 37/111. make/make_an_offer.png'),
(775, 111, 5, 'make a proposal', '하다 제안을', 'asset/img/day 37/111. make/make_a_proposal.png'),
(776, 111, 6, 'make a speech', '하다 연설을', 'asset/img/day 37/111. make/make_a_speech.png'),
(777, 111, 7, 'make a statement', '하다 설명을', 'asset/img/day 37/111. make/make_a_statement.png'),
(778, 112, 1, 'organize the thoughts', '정리하다 생각을', 'asset/img/day 38/112. organize/organize_the_thoughts.png'),
(779, 112, 2, 'organize the data', '정리하다 데이터를', 'asset/img/day 38/112. organize/organize_the_data.png'),
(780, 112, 3, 'organize the files', '정리하다 파일을', 'asset/img/day 38/112. organize/organize_the_files.png'),
(781, 112, 4, 'organize the papers', '정리하다 서류를', 'asset/img/day 38/112. organize/organize_the_papers.png'),
(782, 112, 5, 'organize the photos', '정리하다 사진을', 'asset/img/day 38/112. organize/organize_the_photos.png'),
(783, 112, 6, 'organize the group', '조직하다 그룹을', 'asset/img/day 38/112. organize/organize_the_group.png'),
(784, 112, 7, 'organize the team', '조직하다 팀을', 'asset/img/day 38/112. organize/organize_the_team.png'),
(785, 113, 1, 'list the points', '목록을 작성하다 요점의', 'asset/img/day 38/113. list/list_the_points.png'),
(786, 113, 2, 'list the groups', '목록을 작성하다 그룹의', 'asset/img/day 38/113. list/list_the_groups.png'),
(787, 113, 3, 'list the items', '목록을 작성하다 아이템의', 'asset/img/day 38/113. list/list_the_items.png'),
(788, 113, 4, 'list the names', '목록을 작성하다 이름의', 'asset/img/day 38/113. list/list_the_names.png'),
(789, 113, 5, 'list the songs', '목록을 작성하다 노래의', 'asset/img/day 38/113. list/list_the_songs.png'),
(790, 113, 6, 'list the tasks', '목록을 작성하다 할일의', 'asset/img/day 38/113. list/list_the_tasks.png'),
(791, 113, 7, 'list the titles', '목록을 작성하다 제목의', 'asset/img/day 38/113. list/list_the_titles.png'),
(792, 114, 1, 'use the example', '사용하다 예를', 'asset/img/day 38/114. use/use_the_example.png'),
(793, 114, 2, 'use the device', '사용하다 장치를', 'asset/img/day 38/114. use/use_the_device.png'),
(794, 114, 3, 'use the mic', '사용하다 마이크를', 'asset/img/day 38/114. use/use_the_mic.png'),
(795, 114, 4, 'use the fan', '사용하다 선풍기를', 'asset/img/day 38/114. use/use_the_fan.png'),
(796, 114, 5, 'use the tool', '사용하다 도구를', 'asset/img/day 38/114. use/use_the_tool.png'),
(797, 114, 6, 'use the whistle', '사용하다 호루라기를', 'asset/img/day 38/114. use/use_the_whistle.png'),
(798, 114, 7, 'use the app', '사용하다 앱을', 'asset/img/day 38/114. use/use_the_app.png'),
(799, 115, 1, 'provide the information', '제공하다 정보를', 'asset/img/day 39/115. provide/provide_the_information.png'),
(800, 115, 2, 'provide the answer', '제공하다 정답을', 'asset/img/day 39/115. provide/provide_the_answer.png'),
(801, 115, 3, 'provide the food', '제공하다 음식을', 'asset/img/day 39/115. provide/provide_the_food.png'),
(802, 115, 4, 'provide the money', '제공하다 돈을', 'asset/img/day 39/115. provide/provide_the_money.png'),
(803, 115, 5, 'provide the opportunity', '제공하다 기회를', 'asset/img/day 39/115. provide/provide_the_opportunity.png'),
(804, 115, 6, 'provide the service', '제공하다 서비스를', 'asset/img/day 39/115. provide/provide_the_service.png'),
(805, 115, 7, 'provide the support', '제공하다 지원을', 'asset/img/day 39/115. provide/provide_the_support.png'),
(806, 116, 1, 'share the idea', '공유하다 아이디어를', 'asset/img/day 39/116. share/share_the_idea.png'),
(807, 116, 2, 'share the experience', '공유하다 경험을', 'asset/img/day 39/116. share/share_the_experience.png'),
(808, 116, 3, 'share the inforamtion', '공유하다 정보를', 'asset/img/day 39/116. share/share_the_inforamtion.png'),
(809, 116, 4, 'share the problem', '공유하다 문제를', 'asset/img/day 39/116. share/share_the_problem.png'),
(810, 116, 5, 'share the opinion', '공유하다 의견을', 'asset/img/day 39/116. share/share_the_opinion.png'),
(811, 116, 6, 'share the secret', '공유하다 비밀을', 'asset/img/day 39/116. share/share_the_secret.png'),
(812, 116, 7, 'share the story', '공유하다 이야기를', 'asset/img/day 39/116. share/share_the_story.png'),
(813, 117, 1, 'explain the reason', '설명하다 이유를', 'asset/img/day 39/117. explain/explain_the_reason.png'),
(814, 117, 2, 'explain the case', '설명하다 사건을', 'asset/img/day 39/117. explain/explain_the_case.png'),
(815, 117, 3, 'explain the idea', '설명하다 아이디어를', 'asset/img/day 39/117. explain/explain_the_idea.png'),
(816, 117, 4, 'explain the point', '설명하다 요점을', 'asset/img/day 39/117. explain/explain_the_point.png'),
(817, 117, 5, 'explain the process', '설명하다 과정을', 'asset/img/day 39/117. explain/explain_the_process.png'),
(818, 117, 6, 'explain the rule', '설명하다 규칙을', 'asset/img/day 39/117. explain/explain_the_rule.png'),
(819, 117, 7, 'explain the situation', '설명하다 상황을', 'asset/img/day 39/117. explain/explain_the_situation.png'),
(820, 118, 1, 'open the debate', '시작하다 토론을', 'asset/img/day 40/118. open/open_the_debate.png'),
(821, 118, 2, 'open the meeting', '시작하다 회의를', 'asset/img/day 40/118. open/open_the_meeting.png'),
(822, 118, 3, 'open the season', '시작하다 시작을', 'asset/img/day 40/118. open/open_the_season.png'),
(823, 118, 4, 'open the business', '시작하다 사업을', 'asset/img/day 40/118. open/open_the_business.png'),
(824, 118, 5, 'open the shop', '열다 상점을', 'asset/img/day 40/118. open/open_the_shop.png'),
(825, 118, 6, 'open the store', '열다 상점을', 'asset/img/day 40/118. open/open_the_store.png'),
(826, 118, 7, 'open the bar', '열다 술집을', 'asset/img/day 40/118. open/open_the_bar.png'),
(827, 119, 1, 'be reasonable', '이다 합리적인', 'asset/img/day 40/119. be/be_reasonable.png'),
(828, 119, 2, 'be rational', '이다 이성적인', 'asset/img/day 40/119. be/be_rational.png'),
(829, 119, 3, 'be emotional', '이다 감정적인', 'asset/img/day 40/119. be/be_emotional.png'),
(830, 119, 4, 'be sensitive', '이다 민감한', 'asset/img/day 40/119. be/be_sensitive.png'),
(831, 119, 5, 'be shy', '이다 부끄러운', 'asset/img/day 40/119. be/be_shy.png'),
(832, 119, 6, 'be outgoing', '이다 외향적인', 'asset/img/day 40/119. be/be_outgoing.png'),
(833, 119, 7, 'be energetic', '이다 열정적인', 'asset/img/day 40/119. be/be_energetic.png'),
(834, 120, 1, 'lead the discussion', '이끌다 토론을', 'asset/img/day 40/120. lead/lead_the_discussion.png'),
(835, 120, 2, 'lead the class', '이끌다 수업을', 'asset/img/day 40/120. lead/lead_the_class.png'),
(836, 120, 3, 'lead the game', '이끌다 경기를', 'asset/img/day 40/120. lead/lead_the_game.png'),
(837, 120, 4, 'lead the group', '이끌다 그룹을', 'asset/img/day 40/120. lead/lead_the_group.png'),
(838, 120, 5, 'lead the team', '이끌다 팀을', 'asset/img/day 40/120. lead/lead_the_team.png'),
(839, 120, 6, 'lead the trend', '이끌다 유행을', 'asset/img/day 40/120. lead/lead_the_trend.png'),
(840, 120, 7, 'lead the way', '이끌다 길을', 'asset/img/day 40/120. lead/lead_the_way.png'),
(841, 121, 1, 'discuss the topic', '논의하다 화제를', 'asset/img/day 41/121. discuss/discuss_the_topic.png'),
(842, 121, 2, 'discuss the budget', '논의하다 예산을', 'asset/img/day 41/121. discuss/discuss_the_budget.png'),
(843, 121, 3, 'discuss the keyword', '논의하다 키워드를', 'asset/img/day 41/121. discuss/discuss_the_keyword.png'),
(844, 121, 4, 'discuss the matter', '논의하다 사안을', 'asset/img/day 41/121. discuss/discuss_the_matter.png'),
(845, 121, 5, 'discuss the method', '논의하다 방법을', 'asset/img/day 41/121. discuss/discuss_the_method.png'),
(846, 121, 6, 'discuss the problem', '논의하다 문제를', 'asset/img/day 41/121. discuss/discuss_the_problem.png'),
(847, 121, 7, 'discuss the progress', '논의하다 진전을', 'asset/img/day 41/121. discuss/discuss_the_progress.png'),
(848, 122, 1, 'mention the issue', '언급하다 이슈를', 'asset/img/day 41/122. mention/mention_the_issue.png'),
(849, 122, 2, 'mention the problem', '언급하다 문제를', 'asset/img/day 41/122. mention/mention_the_problem.png'),
(850, 122, 3, 'mention the reason', '언급하다 이유를', 'asset/img/day 41/122. mention/mention_the_reason.png'),
(851, 122, 4, 'mention the age', '언급하다 나이를', 'asset/img/day 41/122. mention/mention_the_age.png'),
(852, 122, 5, 'mention the name', '언급하다 이름을', 'asset/img/day 41/122. mention/mention_the_name.png'),
(853, 122, 6, 'mention the brand', '언급하다 브랜드를', 'asset/img/day 41/122. mention/mention_the_brand.png'),
(854, 122, 7, 'mention the title', '언급하다 제목을', 'asset/img/day 41/122. mention/mention_the_title.png'),
(855, 123, 1, 'exchange the information', '교환하다 정보를', 'asset/img/day 41/123. exchange/exchange_the_information.png'),
(856, 123, 2, 'exchange the ideas', '교환하다 아이디어를', 'asset/img/day 41/123. exchange/exchange_the_ideas.png'),
(857, 123, 3, 'exchange the money', '교환하다 돈을', 'asset/img/day 41/123. exchange/exchange_the_money.png'),
(858, 123, 4, 'exchange the messages', '교환하다 메시지를', 'asset/img/day 41/123. exchange/exchange_the_messages.png'),
(859, 123, 5, 'exchange the news', '교환하다 뉴스를', 'asset/img/day 41/123. exchange/exchange_the_news.png'),
(860, 123, 6, 'exchange the old phone', '교환하다 구폰을', 'asset/img/day 41/123. exchange/exchange_the_old_phone.png'),
(861, 123, 7, 'exchange the seats', '교환하다 좌석을', 'asset/img/day 41/123. exchange/exchange_the_seats.png'),
(862, 124, 1, 'join the debate', '참가하다 토론을', 'asset/img/day 42/124. join/join_the_debate.png'),
(863, 124, 2, 'join the event', '참가하다 행사를', 'asset/img/day 42/124. join/join_the_event.png'),
(864, 124, 3, 'join the game', '참가하다 경기를', 'asset/img/day 42/124. join/join_the_game.png'),
(865, 124, 4, 'join the group', '참가하다 그룹을', 'asset/img/day 42/124. join/join_the_group.png'),
(866, 124, 5, 'join the choir', '가입하다 합창단을', 'asset/img/day 42/124. join/join_the_choir.png'),
(867, 124, 6, 'join the club', '가입하다 클럽을', 'asset/img/day 42/124. join/join_the_club.png'),
(868, 124, 7, 'join the team', '가입하다 팀을', 'asset/img/day 42/124. join/join_the_team.png'),
(869, 125, 1, 'support the idea', '지지하다 아이디어를', 'asset/img/day 42/125. support/support_the_idea.png'),
(870, 125, 2, 'support the plan', '지지하다 계획을', 'asset/img/day 42/125. support/support_the_plan.png'),
(871, 125, 3, 'support the view', '지지하다 견해를', 'asset/img/day 42/125. support/support_the_view.png'),
(872, 125, 4, 'support the event', '지원하다 행사를', 'asset/img/day 42/125. support/support_the_event.png'),
(873, 125, 5, 'support the mission', '지원하다 임무를', 'asset/img/day 42/125. support/support_the_mission.png'),
(874, 125, 6, 'support the player', '응원하다 선수를', 'asset/img/day 42/125. support/support_the_player.png'),
(875, 125, 7, 'support the team', '응원하다 팀을', 'asset/img/day 42/125. support/support_the_team.png'),
(876, 126, 1, 'argue about the issue', '다투다 이슈에 대해', 'asset/img/day 42/126. argue about/argue_about_the_issue.png'),
(877, 126, 2, 'argue about the detail', '다투다 디테일에 대해', 'asset/img/day 42/126. argue about/argue_about_the_detail.png'),
(878, 126, 3, 'argue about the future', '다투다 미래에 대해', 'asset/img/day 42/126. argue about/argue_about_the_future.png'),
(879, 126, 4, 'argue about the subject', '다투다 주제에 대해', 'asset/img/day 42/126. argue about/argue_about_the_subject.png'),
(880, 126, 5, 'argue about food', '다투다 음식에 대해', 'asset/img/day 42/126. argue about/argue_about_food.png'),
(881, 126, 6, 'argue about money', '다투다 돈에 대해', 'asset/img/day 42/126. argue about/argue_about_money.png'),
(882, 126, 7, 'argue about time', '다투다 시간에 대해', 'asset/img/day 42/126. argue about/argue_about_time.png'),
(883, 127, 1, 'think about the issue', '생각하다 이슈에 대해', 'asset/img/day 43/127. think about/think_about_the_issue.png'),
(884, 127, 2, 'think about the question', '생각하다 질문에 대해', 'asset/img/day 43/127. think about/think_about_the_question.png'),
(885, 127, 3, 'think about the answer', '생각하다 해답에 대해', 'asset/img/day 43/127. think about/think_about_the_answer.png'),
(886, 127, 4, 'think about the conference', '생각하다 회의에 대해', 'asset/img/day 43/127. think about/think_about_the_conference.png'),
(887, 127, 5, 'think about the importance', '생각하다 중요성에 대해', 'asset/img/day 43/127. think about/think_about_the_importance.png'),
(888, 127, 6, 'think about the plan', '생각하다 계획에 대해', 'asset/img/day 43/127. think about/think_about_the_plan.png'),
(889, 127, 7, 'think about the result', '생각하다 결과에 대해', 'asset/img/day 43/127. think about/think_about_the_result.png'),
(890, 128, 1, 'raise the hand', '들다 손을', 'asset/img/day 43/128. raise/raise_the_hand.png'),
(891, 128, 2, 'raise the glass', '들다 잔을', 'asset/img/day 43/128. raise/raise_the_glass.png'),
(892, 128, 3, 'raise the flag', '올리다 깃발을', 'asset/img/day 43/128. raise/raise_the_flag.png'),
(893, 128, 4, 'raise the price', '올리다 가격을', 'asset/img/day 43/128. raise/raise_the_price.png'),
(894, 128, 5, 'raise the voice', '올리다 목소리를', 'asset/img/day 43/128. raise/raise_the_voice.png'),
(895, 128, 6, 'raise the question', '제기하다 문제를', 'asset/img/day 43/128. raise/raise_the_question.png'),
(896, 128, 7, 'raise the money', '모으다 돈을', 'asset/img/day 43/128. raise/raise_the_money.png'),
(897, 129, 1, 'ask the question', '물어보다 질문을', 'asset/img/day 43/129. ask/ask_the_question.png'),
(898, 129, 2, 'ask the age', '물어보다 나이를', 'asset/img/day 43/129. ask/ask_the_age.png'),
(899, 129, 3, 'ask the number', '물어보다 번호를', 'asset/img/day 43/129. ask/ask_the_number.png'),
(900, 129, 4, 'ask the price', '물어보다 가격을', 'asset/img/day 43/129. ask/ask_the_price.png'),
(901, 129, 5, 'ask the reason', '물어보다 이유를', 'asset/img/day 43/129. ask/ask_the_reason.png'),
(902, 129, 6, 'ask the time', '물어보다 시간을', 'asset/img/day 43/129. ask/ask_the_time.png'),
(903, 129, 7, 'ask the way', '물어보다 길을', 'asset/img/day 43/129. ask/ask_the_way.png'),
(904, 130, 1, 'speak to the group', '말하다 그룹에게', 'asset/img/day 44/130. speak to/speak_to_the_group.png'),
(905, 130, 2, 'speak to the friend', '말하다 친구에게', 'asset/img/day 44/130. speak to/speak_to_the_friend.png'),
(906, 130, 3, 'speak to the teacher', '말하다 선생님에게', 'asset/img/day 44/130. speak to/speak_to_the_teacher.png'),
(907, 130, 4, 'speak to the parent', '말하다 부모님에게', 'asset/img/day 44/130. speak to/speak_to_the_parent.png'),
(908, 130, 5, 'speak to the audience', '말하다 관객에게', 'asset/img/day 44/130. speak to/speak_to_the_audience.png'),
(909, 130, 6, 'speak to the manager', '말하다 매니저에게', 'asset/img/day 44/130. speak to/speak_to_the_manager.png'),
(910, 130, 7, 'speak to the stranger', '말하다 낯선 사람에게', 'asset/img/day 44/130. speak to/speak_to_the_stranger.png'),
(911, 131, 1, 'appreciate the help', '고마워하다 도움을', 'asset/img/day 44/131. appreciate/appreciate_the_help.png'),
(912, 131, 2, 'appreciate the support', '고마워하다 지원을', 'asset/img/day 44/131. appreciate/appreciate_the_support.png'),
(913, 131, 3, 'appreciate the advice', '고마워하다 조언을', 'asset/img/day 44/131. appreciate/appreciate_the_advice.png'),
(914, 131, 4, 'appreciate the feedback', '고마워하다 피드백을', 'asset/img/day 44/131. appreciate/appreciate_the_feedback.png'),
(915, 131, 5, 'appreciate the honesty', '고마워하다 정직함을', 'asset/img/day 44/131. appreciate/appreciate_the_honesty.png'),
(916, 131, 6, 'appreciate the kindness', '고마워하다 친절을', 'asset/img/day 44/131. appreciate/appreciate_the_kindness.png'),
(917, 131, 7, 'appreciate the service', '고마워하다 서비스를', 'asset/img/day 44/131. appreciate/appreciate_the_service.png'),
(918, 132, 1, 'expect the feedback', '기대하다 피드백을', 'asset/img/day 44/132. expect/expect_the_feedback.png'),
(919, 132, 2, 'expect the support', '기대하다 지원을', 'asset/img/day 44/132. expect/expect_the_support.png'),
(920, 132, 3, 'expect the event', '기대하다 행사를', 'asset/img/day 44/132. expect/expect_the_event.png'),
(921, 132, 4, 'expect the growth', '기대하다 성장을', 'asset/img/day 44/132. expect/expect_the_growth.png'),
(922, 132, 5, 'expect the meeting', '기대하다 회의를', 'asset/img/day 44/132. expect/expect_the_meeting.png'),
(923, 132, 6, 'expect the result', '기대하다 결과를', 'asset/img/day 44/132. expect/expect_the_result.png'),
(924, 132, 7, 'expect the success', '기대하다', 'asset/img/day 44/132. expect/expect_the_success.png'),
(925, 133, 1, 'take advice', '받다 조언을', 'asset/img/day 45/133. take/take_advice.png'),
(926, 133, 2, 'take criticism', '받다 비난을', 'asset/img/day 45/133. take/take_criticism.png'),
(927, 133, 3, 'take an invitation', '받다 초대를', 'asset/img/day 45/133. take/take_an_invitation.png'),
(928, 133, 4, 'take a job', '받다 일자리를', 'asset/img/day 45/133. take/take_a_job.png'),
(929, 133, 5, 'take an offer', '받다 제안을', 'asset/img/day 45/133. take/take_an_offer.png'),
(930, 133, 6, 'take a suggestion', '받다 제안을', 'asset/img/day 45/133. take/take_a_suggestion.png'),
(931, 133, 7, 'take a chance', '받아들이다 위험을', 'asset/img/day 45/133. take/take_a_chance.png'),
(932, 134, 1, 'jot down the idea', '간단히 적다 아이디어를', 'asset/img/day 45/134. jot down/jot_down_the_idea.png'),
(933, 134, 2, 'jot down the address', '간단히 적다 주소를', 'asset/img/day 45/134. jot down/jot_down_the_address.png'),
(934, 134, 3, 'jot down the name', '간단히 적다 이름을', 'asset/img/day 45/134. jot down/jot_down_the_name.png'),
(935, 134, 4, 'jot down the number', '간단히 적다 번호를', 'asset/img/day 45/134. jot down/jot_down_the_number.png'),
(936, 134, 5, 'jot down the fact', '간단히 적다 사실을', 'asset/img/day 45/134. jot down/jot_down_the_fact.png'),
(937, 134, 6, 'jot down the message', '간단히 적다 메시지를', 'asset/img/day 45/134. jot down/jot_down_the_message.png'),
(938, 134, 7, 'jot down the schedule', '간단히 적다 일정을', 'asset/img/day 45/134. jot down/jot_down_the_schedule.png'),
(939, 135, 1, 'reply to the question', '대답하다 질문에', 'asset/img/day 45/135. reply to/reply_to_the_question.png'),
(940, 135, 2, 'reply to the debate', '대답하다 토론에', 'asset/img/day 45/135. reply to/reply_to_the_debate.png'),
(941, 135, 3, 'reply to the email', '답장하다 이메일에', 'asset/img/day 45/135. reply to/reply_to_the_email.png'),
(942, 135, 4, 'reply to the letter', '답장하다 편지에', 'asset/img/day 45/135. reply to/reply_to_the_letter.png'),
(943, 135, 5, 'reply to the message', '답장하다 메시지에', 'asset/img/day 45/135. reply to/reply_to_the_message.png'),
(944, 135, 6, 'reply to the invitation', '답장하다 초대에', 'asset/img/day 45/135. reply to/reply_to_the_invitation.png'),
(945, 135, 7, 'reply to the comment', '답장하다 댓글에', 'asset/img/day 45/135. reply to/reply_to_the_comment.png'),
(946, 136, 1, 'thank for the advice', '감사하다 조언에', 'asset/img/day 46/136. thank for/thank_for_the_advice.png'),
(947, 136, 2, 'thank for the compliment', '감사하다 칭찬에', 'asset/img/day 46/136. thank for/thank_for_the_compliment.png'),
(948, 136, 3, 'thank for the gift', '감사하다 선물에', 'asset/img/day 46/136. thank for/thank_for_the_gift.png'),
(949, 136, 4, 'thank for the help', '감사하다 도움에', 'asset/img/day 46/136. thank for/thank_for_the_help.png'),
(950, 136, 5, 'thank for the invitation', '감사하다 초대에', 'asset/img/day 46/136. thank for/thank_for_the_invitation.png'),
(951, 136, 6, 'thank for the meal', '감사하다 식사에', 'asset/img/day 46/136. thank for/thank_for_the_meal.png'),
(952, 136, 7, 'thank for the support', '감사하다 지원에', 'asset/img/day 46/136. thank for/thank_for_the_support.png'),
(953, 137, 1, 'make a chart', '만들다 도표를', 'asset/img/day 46/137. make/make_a_chart.png'),
(954, 137, 2, 'make a folder', '만들다 폴더를', 'asset/img/day 46/137. make/make_a_folder.png'),
(955, 137, 3, 'make a graph', '만들다 그래프를', 'asset/img/day 46/137. make/make_a_graph.png'),
(956, 137, 4, 'make a map', '만들다 지도를', 'asset/img/day 46/137. make/make_a_map.png'),
(957, 137, 5, 'make a circle', '만들다 원을', 'asset/img/day 46/137. make/make_a_circle.png'),
(958, 137, 6, 'make a square', '만들다 정사각형을', 'asset/img/day 46/137. make/make_a_square.png'),
(959, 137, 7, 'makea triangle', '만들다 삼각형을', NULL),
(960, 138, 1, 'measure the degree', '측정하다 정도를', 'asset/img/day 46/138. measure/measure_the_degree.png'),
(961, 138, 2, 'measure the amount', '측정하다 양을', 'asset/img/day 46/138. measure/measure_the_amount.png'),
(962, 138, 3, 'measure the depth', '측정하다 깊이를', 'asset/img/day 46/138. measure/measure_the_depth.png'),
(963, 138, 4, 'measure the height', '측정하다 높이를', 'asset/img/day 46/138. measure/measure_the_height.png'),
(964, 138, 5, 'measure the length', '측정하다 길이를', 'asset/img/day 46/138. measure/measure_the_length.png'),
(965, 138, 6, 'measure the size', '측정하다 크기를', 'asset/img/day 46/138. measure/measure_the_size.png'),
(966, 138, 7, 'measure the time', '측정하다 시간을', 'asset/img/day 46/138. measure/measure_the_time.png'),
(967, 139, 1, 'have a competition', '열다 대회를', 'asset/img/day 47/139. have/have_a_competition.png'),
(968, 139, 2, 'have a conference', '열다 회의를', 'asset/img/day 47/139. have/have_a_conference.png'),
(969, 139, 3, 'have a contest', '열다 시합을', 'asset/img/day 47/139. have/have_a_contest.png'),
(970, 139, 4, 'have a conversation', '열다 대화를', 'asset/img/day 47/139. have/have_a_conversation.png'),
(971, 139, 5, 'have a debate', '열다 토론을', 'asset/img/day 47/139. have/have_a_debate.png'),
(972, 139, 6, 'have a discussion', '열다 논의를', 'asset/img/day 47/139. have/have_a_discussion.png'),
(973, 139, 7, 'have a meeting', '열다 회의를', 'asset/img/day 47/139. have/have_a_meeting.png'),
(974, 140, 1, 'be ready', '이다 준비가된', 'asset/img/day 47/140. be/be_ready.png'),
(975, 140, 2, 'be true', '이다 진실인', 'asset/img/day 47/140. be/be_true.png'),
(976, 140, 3, 'be false', '이다 거짓인', 'asset/img/day 47/140. be/be_false.png'),
(977, 140, 4, 'be correct', '이다 맞는', 'asset/img/day 47/140. be/be_correct.png'),
(978, 140, 5, 'be incorrect', '이다 맞지않는', 'asset/img/day 47/140. be/be_incorrect.png'),
(979, 140, 6, 'be honest', '이다 정직한', 'asset/img/day 47/140. be/be_honest.png'),
(980, 140, 7, 'be dishonest', '이다 부정직한', NULL),
(981, 141, 1, 'fix the topic', '정하다 주제를', NULL),
(982, 141, 2, 'fix the date', '정하다 날짜를', 'asset/img/day 47/141. fix/fix_the_date.png'),
(983, 141, 3, 'fix the place', '정하다 장소를', 'asset/img/day 47/141. fix/fix_the_place.png'),
(984, 141, 4, 'fix the price', '정하다 가격을', 'asset/img/day 47/141. fix/fix_the_price.png'),
(985, 141, 5, 'fix the time', '정하다 시간을', 'asset/img/day 47/141. fix/fix_the_time.png'),
(986, 141, 6, 'fix the camera', '고정하다 카메라를', 'asset/img/day 47/141. fix/fix_the_camera.png'),
(987, 141, 7, 'fix the phone', '고정하다 전화기를', 'asset/img/day 47/141. fix/fix_the_phone.png'),
(988, 142, 1, 'cheer for the speaker', '응원하다 발표자를', 'asset/img/day 48/142. cheer for/cheer_for_the_speaker.png'),
(989, 142, 2, 'cheer for the player', '응원하다 선수를', 'asset/img/day 48/142. cheer for/cheer_for_the_player.png'),
(990, 142, 3, 'cheer for the singer', '응원하다 가수를', 'asset/img/day 48/142. cheer for/cheer_for_the_singer.png'),
(991, 142, 4, 'cheer for the student', '응원하다 학생을', 'asset/img/day 48/142. cheer for/cheer_for_the_student.png'),
(992, 142, 5, 'cheer for the winner', '응원하다 승자를', 'asset/img/day 48/142. cheer for/cheer_for_the_winner.png'),
(993, 142, 6, 'cheer for the game', '응원하다 경기를', 'asset/img/day 48/142. cheer for/cheer_for_the_game.png'),
(994, 142, 7, 'cheer for the team', '응원하다 팀을', 'asset/img/day 48/142. cheer for/cheer_for_the_team.png'),
(995, 143, 1, 'give a big hand', '주다 큰 박수를', 'asset/img/day 48/143. give/give_a_big_hand.png'),
(996, 143, 2, 'give a hand', '주다 일손을', 'asset/img/day 48/143. give/give_a_hand.png'),
(997, 143, 3, 'give a chance', '주다 기회를', 'asset/img/day 48/143. give/give_a_chance.png'),
(998, 143, 4, 'give a hug', '주다 포옹을', 'asset/img/day 48/143. give/give_a_hug.png'),
(999, 143, 5, 'give a ride', '주다 타고가는 것을', 'asset/img/day 48/143. give/give_a_ride.png'),
(1000, 143, 6, 'give advice', '주다 조언을', 'asset/img/day 48/143. give/give_advice.png'),
(1001, 143, 7, 'give regards', '주다 안부를', 'asset/img/day 48/143. give/give_regards.png'),
(1002, 144, 1, 'applaud the effort', '칭찬하다 노력을', 'asset/img/day 48/144. applaud/applaud_the_effort.png'),
(1003, 144, 2, 'applaud the change', '칭찬하다 변화를', 'asset/img/day 48/144. applaud/applaud_the_change.png'),
(1004, 144, 3, 'applaud the decision', '칭찬하다 결정을', 'asset/img/day 48/144. applaud/applaud_the_decision.png'),
(1005, 144, 4, 'applaud the idea', '칭찬하다 아이디어를', 'asset/img/day 48/144. applaud/applaud_the_idea.png'),
(1006, 144, 5, 'applaud the move', '칭찬하다 움직임을', 'asset/img/day 48/144. applaud/applaud_the_move.png'),
(1007, 144, 6, 'applaud the program', '칭찬하다 프로그램을', 'asset/img/day 48/144. applaud/applaud_the_program.png'),
(1008, 144, 7, 'applaud the work', '칭찬하다 작업을', 'asset/img/day 48/144. applaud/applaud_the_work.png'),
(1009, 145, 1, 'carry out the mission', '수행하다 임무를', 'asset/img/day 49/145. carry out/carry_out_the_mission.png'),
(1010, 145, 2, 'carry out the duty', '수행하다 의무를', 'asset/img/day 49/145. carry out/carry_out_the_duty.png'),
(1011, 145, 3, 'carry out the game', '수행하다 경기를', 'asset/img/day 49/145. carry out/carry_out_the_game.png'),
(1012, 145, 4, 'carry out the order', '수행하다 명령을', 'asset/img/day 49/145. carry out/carry_out_the_order.png'),
(1013, 145, 5, 'carry out the plan', '수행하다 계획을', 'asset/img/day 49/145. carry out/carry_out_the_plan.png'),
(1014, 145, 6, 'carry out the promise', '수행하다 약속을', 'asset/img/day 49/145. carry out/carry_out_the_promise.png'),
(1015, 145, 7, 'carry out the work', '수행하다 일을', 'asset/img/day 49/145. carry out/carry_out_the_work.png'),
(1016, 146, 1, 'choose the best', '선택하다 최고를', 'asset/img/day 49/146. choose/choose_the_best.png'),
(1017, 146, 2, 'choose the worst', '선택하다 최악을', 'asset/img/day 49/146. choose/choose_the_worst.png'),
(1018, 146, 3, 'choose the level', '선택하다 수준을', 'asset/img/day 49/146. choose/choose_the_level.png'),
(1019, 146, 4, 'choose the number', '선택하다 번호를', 'asset/img/day 49/146. choose/choose_the_number.png'),
(1020, 146, 5, 'choose the order', '선택하다 순서를', 'asset/img/day 49/146. choose/choose_the_order.png'),
(1021, 146, 6, 'choose the type', '선택하다 형태를', 'asset/img/day 49/146. choose/choose_the_type.png'),
(1022, 146, 7, 'choose the way', '선택하다 방법을', 'asset/img/day 49/146. choose/choose_the_way.png'),
(1023, 147, 1, 'announce the winner', '발표하다 승자를', 'asset/img/day 49/147. announce/announce_the_winner.png'),
(1024, 147, 2, 'announce the answer', '발표하다 정답을', 'asset/img/day 49/147. announce/announce_the_answer.png'),
(1025, 147, 3, 'announce the mission', '발표하다 미션을', 'asset/img/day 49/147. announce/announce_the_mission.png'),
(1026, 147, 4, 'announce the number', '발표하다 번호를', 'asset/img/day 49/147. announce/announce_the_number.png'),
(1027, 147, 5, 'announce the ranks', '발표하다 순위를', 'asset/img/day 49/147. announce/announce_the_ranks.png'),
(1028, 147, 6, 'announce the result', '발표하다 결과를', 'asset/img/day 49/147. announce/announce_the_result.png'),
(1029, 147, 7, 'announce the score', '발표하다 점수를', 'asset/img/day 49/147. announce/announce_the_score.png'),
(1030, 148, 1, 'study math', '공부하다 수학을', 'asset/img/day 50/148. study/study_math.png'),
(1031, 148, 2, 'study art', '공부하다 미술을', 'asset/img/day 50/148. study/study_art.png'),
(1032, 148, 3, 'study history', '공부하다 역사를', 'asset/img/day 50/148. study/study_history.png'),
(1033, 148, 4, 'study language', '공부하다 언어를', 'asset/img/day 50/148. study/study_language.png'),
(1034, 148, 5, 'study music', '공부하다 음악을', 'asset/img/day 50/148. study/study_music.png'),
(1035, 148, 6, 'study science', '공부하다 과학을', 'asset/img/day 50/148. study/study_science.png'),
(1036, 148, 7, 'study geography', '공부하다 지리를', 'asset/img/day 50/148. study/study_geography.png'),
(1037, 149, 1, 'need help', '필요하다 도움을', 'asset/img/day 50/149. need/need_help.png'),
(1038, 149, 2, 'need care', '필요하다 보호를', 'asset/img/day 50/149. need/need_care.png'),
(1039, 149, 3, 'need food', '필요하다 음식을', 'asset/img/day 50/149. need/need_food.png'),
(1040, 149, 4, 'need money', '필요하다 돈을', 'asset/img/day 50/149. need/need_money.png'),
(1041, 149, 5, 'need sleep', '필요하다 잠을', 'asset/img/day 50/149. need/need_sleep.png'),
(1042, 149, 6, 'need time', '필요하다 시간을', 'asset/img/day 50/149. need/need_time.png'),
(1043, 149, 7, 'need water', '필요하다 물을', 'asset/img/day 50/149. need/need_water.png'),
(1044, 150, 1, 'ask the teacher', '물어보다 선생님에게', 'asset/img/day 50/150. ask/ask_the_teacher.png'),
(1045, 150, 2, 'ask the brother', '물어보다 남동생에게', 'asset/img/day 50/150. ask/ask_the_brother.png'),
(1046, 150, 3, 'ask the cook', '물어보다 요리사에게', 'asset/img/day 50/150. ask/ask_the_cook.png'),
(1047, 150, 4, 'ask the doctor', '물어보다 의사에게', 'asset/img/day 50/150. ask/ask_the_doctor.png'),
(1048, 150, 5, 'ask the friend', '물어보다 친구에게', 'asset/img/day 50/150. ask/ask_the_friend.png'),
(1049, 150, 6, 'ask the parent', '물어보다 부모님에게', 'asset/img/day 50/150. ask/ask_the_parent.png'),
(1050, 150, 7, 'ask the sister', '물어보다 여동생에게', 'asset/img/day 50/150. ask/ask_the_sister.png');

